2025-11-07 02:09:25,063 INFO  [main][com.baidu.openrasp.config.Config] plugin.timeout.millis use the default value: 100
2025-11-07 02:09:25,065 INFO  [main][com.baidu.openrasp.config.Config] hooks.ignore: http_output
2025-11-07 02:09:25,065 INFO  [main][com.baidu.openrasp.config.Config] inject.urlprefix use the default value: 
2025-11-07 02:09:25,065 INFO  [main][com.baidu.openrasp.config.Config] request.param_encoding use the default value: 
2025-11-07 02:09:25,066 INFO  [main][com.baidu.openrasp.config.Config] body.maxbytes use the default value: 12288
2025-11-07 02:09:25,066 INFO  [main][com.baidu.openrasp.config.Config] log.maxbackup use the default value: 30
2025-11-07 02:09:25,066 INFO  [main][com.baidu.openrasp.config.Config] plugin.maxstack use the default value: 100
2025-11-07 02:09:25,073 INFO  [main][com.baidu.openrasp.config.Config] lru.max_size use the default value: 1024
2025-11-07 02:09:25,073 INFO  [main][com.baidu.openrasp.config.Config] plugin.filter use the default value: true
2025-11-07 02:09:25,075 INFO  [main][com.baidu.openrasp.config.Config] ognl.expression.minlength use the default value: 30
2025-11-07 02:09:25,076 INFO  [main][com.baidu.openrasp.config.Config] sql.slowquery.min_rows use the default value: 500
2025-11-07 02:09:25,077 INFO  [main][com.baidu.openrasp.config.Config] block.status_code use the default value: 302
2025-11-07 02:09:25,077 INFO  [main][com.baidu.openrasp.config.Config] debug.level use the default value: 0
2025-11-07 02:09:25,077 INFO  [main][com.baidu.openrasp.config.Config] clientip.header use the default value: ClientIP
2025-11-07 02:09:25,078 INFO  [main][com.baidu.openrasp.config.Config] block.redirect_url use the default value: https://rasp.baidu.com/blocked/?request_id=%request_id%
2025-11-07 02:09:25,078 INFO  [main][com.baidu.openrasp.config.Config] block.content_json use the default value: {"error":true, "reason": "Request blocked by OpenRASP", "request_id": "%request_id%"}
2025-11-07 02:09:25,078 INFO  [main][com.baidu.openrasp.config.Config] block.content_xml use the default value: <?xml version="1.0"?><doc><error>true</error><reason>Request blocked by OpenRASP</reason><request_id>%request_id%</request_id></doc>
2025-11-07 02:09:25,079 INFO  [main][com.baidu.openrasp.config.Config] block.content_html use the default value: </script><script>location.href="https://rasp.baidu.com/blocked2/?request_id=%request_id%"</script>
2025-11-07 02:09:25,079 INFO  [main][com.baidu.openrasp.config.Config] cloud.enable: true
2025-11-07 02:09:25,079 INFO  [main][com.baidu.openrasp.config.Config] cloud.backend_url: http://192.168.203.141:8086
2025-11-07 02:09:25,079 INFO  [main][com.baidu.openrasp.config.Config] cloud.app_id: 0c91b98f2aa79983228f10fc37725da726bd31d6
2025-11-07 02:09:25,080 INFO  [main][com.baidu.openrasp.config.Config] cloud.app_secret: 03HUqrDFqauBGqsHhkp@yxyMc871U83NuIGxQBoStIU
2025-11-07 02:09:25,080 INFO  [main][com.baidu.openrasp.config.Config] rasp.id use the default value: 
2025-11-07 02:09:25,080 INFO  [main][com.baidu.openrasp.config.Config] syslog.enable use the default value: false
2025-11-07 02:09:25,080 INFO  [main][com.baidu.openrasp.config.Config] syslog.url use the default value: 
2025-11-07 02:09:25,082 INFO  [main][com.baidu.openrasp.config.Config] syslog.tag use the default value: OPENRASP
2025-11-07 02:09:25,082 INFO  [main][com.baidu.openrasp.config.Config] syslog.facility use the default value: 1
2025-11-07 02:09:25,083 INFO  [main][com.baidu.openrasp.config.Config] syslog.reconnect_interval use the default value: 300000
2025-11-07 02:09:25,083 INFO  [main][com.baidu.openrasp.config.Config] log.maxburst use the default value: 100
2025-11-07 02:09:25,083 INFO  [main][com.baidu.openrasp.config.Config] cloud.heartbeat_interval use the default value: 90
2025-11-07 02:09:25,090 INFO  [main][com.baidu.openrasp.config.Config] hook.white use the default value: {}
2025-11-07 02:09:25,090 INFO  [main][com.baidu.openrasp.config.Config] hook.white.ALL use the default value: true
2025-11-07 02:09:25,090 INFO  [main][com.baidu.openrasp.config.Config] decompile.enable use the default value: false
2025-11-07 02:09:25,093 INFO  [main][com.baidu.openrasp.config.Config] inject.custom_headers: {X-Protected-By=OpenRASP}
2025-11-07 02:09:25,093 INFO  [main][com.baidu.openrasp.config.Config] dependency_check.interval use the default value: 21600
2025-11-07 02:09:25,094 INFO  [main][com.baidu.openrasp.config.Config] dependency_check.enable use the default value: false
2025-11-07 02:09:25,099 INFO  [main][com.baidu.openrasp.config.Config] security.weak_passwords use the default value: [111111, 123, 123123, 123456, 123456a, a123456, admin, both, manager, mysql, root, rootweblogic, tomcat, user, weblogic1, weblogic123, welcome1]
2025-11-07 02:09:25,099 INFO  [main][com.baidu.openrasp.config.Config] cpu.usage.percent use the default value: 90
2025-11-07 02:09:25,267 INFO  [main][com.baidu.openrasp.config.Config] cpu.usage.enable use the default value: false
2025-11-07 02:09:25,268 INFO  [main][com.baidu.openrasp.config.Config] cpu.usage.interval use the default value: 5
2025-11-07 02:09:25,268 INFO  [main][com.baidu.openrasp.config.Config] openrasp.ssl_verifypeer use the default value: false
2025-11-07 02:09:25,268 INFO  [main][com.baidu.openrasp.config.Config] file_monitor.mode use the default value: scan
2025-11-07 02:09:25,268 INFO  [main][com.baidu.openrasp.config.Config] file_monitor.interval use the default value: 3
2025-11-07 02:09:25,268 INFO  [main][com.baidu.openrasp.config.Config] iast.enable use the default value: false
2025-11-07 02:09:25,269 INFO  [main][com.baidu.openrasp.config.Config] lru.compare_enable use the default value: false
2025-11-07 02:09:25,269 INFO  [main][com.baidu.openrasp.config.Config] lru.compare_limit use the default value: 10240
2025-11-07 02:09:25,270 INFO  [main][com.baidu.openrasp.config.Config] response.sampler_interval use the default value: 60
2025-11-07 02:09:25,270 INFO  [main][com.baidu.openrasp.config.Config] response.sampler_burst use the default value: 5
2025-11-07 02:09:25,270 INFO  [main][com.baidu.openrasp.config.Config] baseDirectory: /home/enen/projects/bailianyingyong/chatbotAi/rasp
2025-11-07 02:09:25,849 INFO  [main][com.baidu.openrasp.transformer.CustomClassTransformer] ignore hook type http_output, class com.baidu.openrasp.hook.server.bes.BESHttpResponseHook
2025-11-07 02:09:25,854 INFO  [main][com.baidu.openrasp.transformer.CustomClassTransformer] ignore hook type http_output, class com.baidu.openrasp.hook.server.resin.ResinOutputCloseHook
2025-11-07 02:09:25,855 INFO  [main][com.baidu.openrasp.transformer.CustomClassTransformer] ignore hook type http_output, class com.baidu.openrasp.hook.server.websphere.WebsphereHttpOutputHook
2025-11-07 02:09:25,862 INFO  [main][com.baidu.openrasp.transformer.CustomClassTransformer] ignore hook type http_output, class com.baidu.openrasp.hook.server.tongweb7.Tongweb7OutputBufferHook
2025-11-07 02:09:25,874 INFO  [main][com.baidu.openrasp.transformer.CustomClassTransformer] ignore hook type http_output, class com.baidu.openrasp.hook.server.jetty.JettyHttpOutputHook
2025-11-07 02:09:25,883 INFO  [main][com.baidu.openrasp.transformer.CustomClassTransformer] ignore hook type http_output, class com.baidu.openrasp.hook.server.wildfly.UndertowOutputHook
2025-11-07 02:09:25,887 INFO  [main][com.baidu.openrasp.transformer.CustomClassTransformer] ignore hook type http_output, class com.baidu.openrasp.hook.server.weblogic.WeblogicHttpOutputHook
2025-11-07 02:09:25,898 INFO  [main][com.baidu.openrasp.transformer.CustomClassTransformer] ignore hook type http_output, class com.baidu.openrasp.hook.server.tongweb.TongwebHttpResponseHook
2025-11-07 02:09:25,899 INFO  [main][com.baidu.openrasp.transformer.CustomClassTransformer] ignore hook type http_output, class com.baidu.openrasp.hook.server.catalina.CatalinaOutputBufferHook
2025-11-07 02:09:26,882 INFO  [main][com.baidu.openrasp.hook.AbstractClassHook] insert before method java.net.InetAddress.getAllByName(java.lang.String)
2025-11-07 02:09:27,124 INFO  [main][com.baidu.openrasp.hook.AbstractClassHook] insert before method java.lang.ProcessImpl(byte[],byte[],int,byte[],int,byte[],int[],boolean,boolean)
2025-11-07 02:09:27,265 INFO  [main][com.baidu.openrasp.hook.AbstractClassHook] insert before method java.io.RandomAccessFile(java.io.File,java.lang.String)
2025-11-07 02:09:27,352 INFO  [main][com.baidu.openrasp.hook.AbstractClassHook] insert before method java.io.RandomAccessFile(java.io.File,java.lang.String)
2025-11-07 02:09:27,442 INFO  [main][com.baidu.openrasp.hook.AbstractClassHook] insert before method java.nio.file.Files.copy(java.nio.file.Path,java.nio.file.Path,java.nio.file.CopyOption[])
2025-11-07 02:09:27,446 INFO  [main][com.baidu.openrasp.hook.AbstractClassHook] insert before method java.nio.file.Files.move(java.nio.file.Path,java.nio.file.Path,java.nio.file.CopyOption[])
2025-11-07 02:09:27,451 INFO  [main][com.baidu.openrasp.hook.AbstractClassHook] insert before method java.nio.file.Files.createLink(java.nio.file.Path,java.nio.file.Path)
2025-11-07 02:09:27,513 INFO  [main][com.baidu.openrasp.hook.AbstractClassHook] insert before method java.nio.file.Files.newDirectoryStream(java.nio.file.Path)
2025-11-07 02:09:27,558 INFO  [main][com.baidu.openrasp.hook.AbstractClassHook] insert before method java.nio.file.Files.delete(java.nio.file.Path)
2025-11-07 02:09:27,562 INFO  [main][com.baidu.openrasp.hook.AbstractClassHook] insert before method java.nio.file.Files.deleteIfExists(java.nio.file.Path)
2025-11-07 02:09:27,630 INFO  [main][com.baidu.openrasp.hook.AbstractClassHook] insert before method java.nio.file.Files.readAllBytes(java.nio.file.Path)
2025-11-07 02:09:27,636 INFO  [main][com.baidu.openrasp.hook.AbstractClassHook] insert before method java.nio.file.Files.newInputStream(java.nio.file.Path,java.nio.file.OpenOption[])
2025-11-07 02:09:27,689 INFO  [main][com.baidu.openrasp.hook.AbstractClassHook] insert before method java.nio.file.Files.createFile(java.nio.file.Path,java.nio.file.attribute.FileAttribute[])
2025-11-07 02:09:27,697 INFO  [main][com.baidu.openrasp.hook.AbstractClassHook] insert before method java.nio.file.Files.newOutputStream(java.nio.file.Path,java.nio.file.OpenOption[])
2025-11-07 02:09:27,847 INFO  [main][com.baidu.openrasp.hook.AbstractClassHook] insert before method java.io.File.list()
2025-11-07 02:09:27,947 INFO  [main][com.baidu.openrasp.hook.AbstractClassHook] insert before method java.io.File.renameTo(java.io.File)
2025-11-07 02:09:28,022 INFO  [main][com.baidu.openrasp.hook.AbstractClassHook] insert before method java.io.File.delete()
2025-11-07 02:09:28,161 INFO  [main][com.baidu.openrasp.hook.AbstractClassHook] insert before method java.io.FileOutputStream(java.io.File,boolean)
2025-11-07 02:09:28,290 INFO  [main][com.baidu.openrasp.hook.AbstractClassHook] insert before method java.io.FileInputStream(java.io.File)
2025-11-07 02:09:28,421 INFO  [main][com.baidu.openrasp.EngineBoot] [OpenRASP] Engine Initialized [1.3.7 (build: GitCommit=97839b3 date=2023-03-31T08:56:34Z)]
2025-11-07 02:57:34,212 INFO  [main][com.baidu.openrasp.config.Config] plugin.timeout.millis use the default value: 100
2025-11-07 02:57:34,214 INFO  [main][com.baidu.openrasp.config.Config] hooks.ignore: http_output
2025-11-07 02:57:34,214 INFO  [main][com.baidu.openrasp.config.Config] inject.urlprefix use the default value: 
2025-11-07 02:57:34,214 INFO  [main][com.baidu.openrasp.config.Config] request.param_encoding use the default value: 
2025-11-07 02:57:34,214 INFO  [main][com.baidu.openrasp.config.Config] body.maxbytes use the default value: 12288
2025-11-07 02:57:34,215 INFO  [main][com.baidu.openrasp.config.Config] log.maxbackup use the default value: 30
2025-11-07 02:57:34,215 INFO  [main][com.baidu.openrasp.config.Config] plugin.maxstack use the default value: 100
2025-11-07 02:57:34,222 INFO  [main][com.baidu.openrasp.config.Config] lru.max_size use the default value: 1024
2025-11-07 02:57:34,222 INFO  [main][com.baidu.openrasp.config.Config] plugin.filter use the default value: true
2025-11-07 02:57:34,222 INFO  [main][com.baidu.openrasp.config.Config] ognl.expression.minlength use the default value: 30
2025-11-07 02:57:34,222 INFO  [main][com.baidu.openrasp.config.Config] sql.slowquery.min_rows use the default value: 500
2025-11-07 02:57:34,223 INFO  [main][com.baidu.openrasp.config.Config] block.status_code use the default value: 302
2025-11-07 02:57:34,223 INFO  [main][com.baidu.openrasp.config.Config] debug.level use the default value: 0
2025-11-07 02:57:34,224 INFO  [main][com.baidu.openrasp.config.Config] clientip.header use the default value: ClientIP
2025-11-07 02:57:34,225 INFO  [main][com.baidu.openrasp.config.Config] block.redirect_url use the default value: https://rasp.baidu.com/blocked/?request_id=%request_id%
2025-11-07 02:57:34,225 INFO  [main][com.baidu.openrasp.config.Config] block.content_json use the default value: {"error":true, "reason": "Request blocked by OpenRASP", "request_id": "%request_id%"}
2025-11-07 02:57:34,226 INFO  [main][com.baidu.openrasp.config.Config] block.content_xml use the default value: <?xml version="1.0"?><doc><error>true</error><reason>Request blocked by OpenRASP</reason><request_id>%request_id%</request_id></doc>
2025-11-07 02:57:34,226 INFO  [main][com.baidu.openrasp.config.Config] block.content_html use the default value: </script><script>location.href="https://rasp.baidu.com/blocked2/?request_id=%request_id%"</script>
2025-11-07 02:57:34,226 INFO  [main][com.baidu.openrasp.config.Config] cloud.enable: true
2025-11-07 02:57:34,226 INFO  [main][com.baidu.openrasp.config.Config] cloud.backend_url: http://192.168.203.141:8086
2025-11-07 02:57:34,227 INFO  [main][com.baidu.openrasp.config.Config] cloud.app_id: 0c91b98f2aa79983228f10fc37725da726bd31d6
2025-11-07 02:57:34,227 INFO  [main][com.baidu.openrasp.config.Config] cloud.app_secret: 03HUqrDFqauBGqsHhkp@yxyMc871U83NuIGxQBoStIU
2025-11-07 02:57:34,227 INFO  [main][com.baidu.openrasp.config.Config] rasp.id use the default value: 
2025-11-07 02:57:34,227 INFO  [main][com.baidu.openrasp.config.Config] syslog.enable use the default value: false
2025-11-07 02:57:34,228 INFO  [main][com.baidu.openrasp.config.Config] syslog.url use the default value: 
2025-11-07 02:57:34,228 INFO  [main][com.baidu.openrasp.config.Config] syslog.tag use the default value: OPENRASP
2025-11-07 02:57:34,228 INFO  [main][com.baidu.openrasp.config.Config] syslog.facility use the default value: 1
2025-11-07 02:57:34,229 INFO  [main][com.baidu.openrasp.config.Config] syslog.reconnect_interval use the default value: 300000
2025-11-07 02:57:34,229 INFO  [main][com.baidu.openrasp.config.Config] log.maxburst use the default value: 100
2025-11-07 02:57:34,229 INFO  [main][com.baidu.openrasp.config.Config] cloud.heartbeat_interval use the default value: 90
2025-11-07 02:57:34,235 INFO  [main][com.baidu.openrasp.config.Config] hook.white use the default value: {}
2025-11-07 02:57:34,236 INFO  [main][com.baidu.openrasp.config.Config] hook.white.ALL use the default value: true
2025-11-07 02:57:34,236 INFO  [main][com.baidu.openrasp.config.Config] decompile.enable use the default value: false
2025-11-07 02:57:34,243 INFO  [main][com.baidu.openrasp.config.Config] inject.custom_headers: {X-Protected-By=OpenRASP}
2025-11-07 02:57:34,244 INFO  [main][com.baidu.openrasp.config.Config] dependency_check.interval use the default value: 21600
2025-11-07 02:57:34,244 INFO  [main][com.baidu.openrasp.config.Config] dependency_check.enable use the default value: false
2025-11-07 02:57:34,253 INFO  [main][com.baidu.openrasp.config.Config] security.weak_passwords use the default value: [111111, 123, 123123, 123456, 123456a, a123456, admin, both, manager, mysql, root, rootweblogic, tomcat, user, weblogic1, weblogic123, welcome1]
2025-11-07 02:57:34,253 INFO  [main][com.baidu.openrasp.config.Config] cpu.usage.percent use the default value: 90
2025-11-07 02:57:34,436 INFO  [main][com.baidu.openrasp.config.Config] cpu.usage.enable use the default value: false
2025-11-07 02:57:34,437 INFO  [main][com.baidu.openrasp.config.Config] cpu.usage.interval use the default value: 5
2025-11-07 02:57:34,437 INFO  [main][com.baidu.openrasp.config.Config] openrasp.ssl_verifypeer use the default value: false
2025-11-07 02:57:34,439 INFO  [main][com.baidu.openrasp.config.Config] file_monitor.mode use the default value: scan
2025-11-07 02:57:34,440 INFO  [main][com.baidu.openrasp.config.Config] file_monitor.interval use the default value: 3
2025-11-07 02:57:34,440 INFO  [main][com.baidu.openrasp.config.Config] iast.enable use the default value: false
2025-11-07 02:57:34,440 INFO  [main][com.baidu.openrasp.config.Config] lru.compare_enable use the default value: false
2025-11-07 02:57:34,441 INFO  [main][com.baidu.openrasp.config.Config] lru.compare_limit use the default value: 10240
2025-11-07 02:57:34,441 INFO  [main][com.baidu.openrasp.config.Config] response.sampler_interval use the default value: 60
2025-11-07 02:57:34,441 INFO  [main][com.baidu.openrasp.config.Config] response.sampler_burst use the default value: 5
2025-11-07 02:57:34,442 INFO  [main][com.baidu.openrasp.config.Config] baseDirectory: /home/enen/projects/bailianyingyong/chatbotAi/rasp
2025-11-07 02:57:35,465 INFO  [main][com.baidu.openrasp.transformer.CustomClassTransformer] ignore hook type http_output, class com.baidu.openrasp.hook.server.bes.BESHttpResponseHook
2025-11-07 02:57:35,470 INFO  [main][com.baidu.openrasp.transformer.CustomClassTransformer] ignore hook type http_output, class com.baidu.openrasp.hook.server.resin.ResinOutputCloseHook
2025-11-07 02:57:35,471 INFO  [main][com.baidu.openrasp.transformer.CustomClassTransformer] ignore hook type http_output, class com.baidu.openrasp.hook.server.websphere.WebsphereHttpOutputHook
2025-11-07 02:57:35,476 INFO  [main][com.baidu.openrasp.transformer.CustomClassTransformer] ignore hook type http_output, class com.baidu.openrasp.hook.server.tongweb7.Tongweb7OutputBufferHook
2025-11-07 02:57:35,482 INFO  [main][com.baidu.openrasp.transformer.CustomClassTransformer] ignore hook type http_output, class com.baidu.openrasp.hook.server.jetty.JettyHttpOutputHook
2025-11-07 02:57:35,484 INFO  [main][com.baidu.openrasp.transformer.CustomClassTransformer] ignore hook type http_output, class com.baidu.openrasp.hook.server.wildfly.UndertowOutputHook
2025-11-07 02:57:35,486 INFO  [main][com.baidu.openrasp.transformer.CustomClassTransformer] ignore hook type http_output, class com.baidu.openrasp.hook.server.weblogic.WeblogicHttpOutputHook
2025-11-07 02:57:35,490 INFO  [main][com.baidu.openrasp.transformer.CustomClassTransformer] ignore hook type http_output, class com.baidu.openrasp.hook.server.tongweb.TongwebHttpResponseHook
2025-11-07 02:57:35,491 INFO  [main][com.baidu.openrasp.transformer.CustomClassTransformer] ignore hook type http_output, class com.baidu.openrasp.hook.server.catalina.CatalinaOutputBufferHook
2025-11-07 02:57:36,286 INFO  [main][com.baidu.openrasp.hook.AbstractClassHook] insert before method java.net.InetAddress.getAllByName(java.lang.String)
2025-11-07 02:57:36,452 INFO  [main][com.baidu.openrasp.hook.AbstractClassHook] insert before method java.lang.ProcessImpl(byte[],byte[],int,byte[],int,byte[],int[],boolean,boolean)
2025-11-07 02:57:36,588 INFO  [main][com.baidu.openrasp.hook.AbstractClassHook] insert before method java.io.RandomAccessFile(java.io.File,java.lang.String)
2025-11-07 02:57:36,638 INFO  [main][com.baidu.openrasp.hook.AbstractClassHook] insert before method java.io.RandomAccessFile(java.io.File,java.lang.String)
2025-11-07 02:57:36,719 INFO  [main][com.baidu.openrasp.hook.AbstractClassHook] insert before method java.nio.file.Files.newDirectoryStream(java.nio.file.Path)
2025-11-07 02:57:36,787 INFO  [main][com.baidu.openrasp.hook.AbstractClassHook] insert before method java.nio.file.Files.readAllBytes(java.nio.file.Path)
2025-11-07 02:57:36,801 INFO  [main][com.baidu.openrasp.hook.AbstractClassHook] insert before method java.nio.file.Files.newInputStream(java.nio.file.Path,java.nio.file.OpenOption[])
2025-11-07 02:57:36,851 INFO  [main][com.baidu.openrasp.hook.AbstractClassHook] insert before method java.nio.file.Files.copy(java.nio.file.Path,java.nio.file.Path,java.nio.file.CopyOption[])
2025-11-07 02:57:36,857 INFO  [main][com.baidu.openrasp.hook.AbstractClassHook] insert before method java.nio.file.Files.move(java.nio.file.Path,java.nio.file.Path,java.nio.file.CopyOption[])
2025-11-07 02:57:36,863 INFO  [main][com.baidu.openrasp.hook.AbstractClassHook] insert before method java.nio.file.Files.createLink(java.nio.file.Path,java.nio.file.Path)
2025-11-07 02:57:36,896 INFO  [main][com.baidu.openrasp.hook.AbstractClassHook] insert before method java.nio.file.Files.delete(java.nio.file.Path)
2025-11-07 02:57:36,901 INFO  [main][com.baidu.openrasp.hook.AbstractClassHook] insert before method java.nio.file.Files.deleteIfExists(java.nio.file.Path)
2025-11-07 02:57:36,924 INFO  [main][com.baidu.openrasp.hook.AbstractClassHook] insert before method java.nio.file.Files.createFile(java.nio.file.Path,java.nio.file.attribute.FileAttribute[])
2025-11-07 02:57:36,931 INFO  [main][com.baidu.openrasp.hook.AbstractClassHook] insert before method java.nio.file.Files.newOutputStream(java.nio.file.Path,java.nio.file.OpenOption[])
2025-11-07 02:57:37,044 INFO  [main][com.baidu.openrasp.hook.AbstractClassHook] insert before method java.io.File.renameTo(java.io.File)
2025-11-07 02:57:37,069 INFO  [main][com.baidu.openrasp.hook.AbstractClassHook] insert before method java.io.File.delete()
2025-11-07 02:57:37,099 INFO  [main][com.baidu.openrasp.hook.AbstractClassHook] insert before method java.io.File.list()
2025-11-07 02:57:37,153 INFO  [main][com.baidu.openrasp.hook.AbstractClassHook] insert before method java.io.FileOutputStream(java.io.File,boolean)
2025-11-07 02:57:37,200 INFO  [main][com.baidu.openrasp.hook.AbstractClassHook] insert before method java.io.FileInputStream(java.io.File)
2025-11-07 02:57:37,284 INFO  [main][com.baidu.openrasp.EngineBoot] [OpenRASP] Engine Initialized [1.3.7 (build: GitCommit=97839b3 date=2023-03-31T08:56:34Z)]
2025-11-07 02:58:01,526 INFO  [main][com.baidu.openrasp.hook.AbstractClassHook] insert before method java.io.ObjectInputStream.resolveClass(java.io.ObjectStreamClass)
2025-11-07 02:58:03,245 INFO  [main][com.baidu.openrasp.HookHandler] detect server: tomcat/10.1.31.0
2025-11-07 02:58:03,259 INFO  [main][com.baidu.openrasp.HookHandler] detect server class: org/apache/catalina/Server
2025-11-07 02:58:03,906 INFO  [OpenRASP Register Thread][com.baidu.openrasp.hook.AbstractClassHook] insert before method sun.net.www.protocol.http.HttpURLConnection.getInputStream()
2025-11-07 02:58:03,933 INFO  [OpenRASP Register Thread][com.baidu.openrasp.hook.AbstractClassHook] insert after method: sun.net.www.protocol.http.HttpURLConnection.getInputStream()
2025-11-07 02:58:04,027 INFO  [OpenRASP Register Thread][com.baidu.openrasp.hook.AbstractClassHook] insert after method: sun.net.www.protocol.http.HttpURLConnection.followRedirect()
2025-11-07 02:58:04,297 INFO  [main][com.baidu.openrasp.hook.AbstractClassHook] insert before method org.apache.coyote.Response.doWrite(java.nio.ByteBuffer)
2025-11-07 02:58:04,450 WARN  [OpenRASP Register Thread][com.baidu.openrasp.messaging.LogTool] [E20008] 20008:Cloud Control Registered Failed, Status Code: 200 Description: Bad X-OpenRASP-AppSecret value, authentication failed: 
2025-11-07 02:58:05,189 INFO  [main][com.baidu.openrasp.hook.AbstractClassHook] insert before method org.apache.catalina.connector.CoyoteAdapter.service(org.apache.coyote.Request,org.apache.coyote.Response)
2025-11-07 02:58:06,428 INFO  [main][com.baidu.openrasp.hook.AbstractClassHook] insert before method com.mysql.cj.jdbc.NonRegisteringDriver.connect(java.lang.String,java.util.Properties)
2025-11-07 02:58:06,488 INFO  [main][com.baidu.openrasp.hook.AbstractClassHook] insert after method: com.mysql.cj.jdbc.NonRegisteringDriver.connect(java.lang.String,java.util.Properties)
2025-11-07 02:58:06,543 INFO  [main][com.baidu.openrasp.hook.AbstractClassHook] insert after method: com.mysql.cj.jdbc.NonRegisteringDriver.connect(java.lang.String,java.util.Properties)
2025-11-07 02:58:11,644 INFO  [main][com.baidu.openrasp.hook.AbstractClassHook] insert before method com.mysql.cj.jdbc.ConnectionImpl.prepareStatement(java.lang.String,int,int)
2025-11-07 02:58:11,685 INFO  [main][com.baidu.openrasp.HookHandler] add catch to method: com.mysql.cj.jdbc.ConnectionImpl.prepareStatement(java.lang.String,int,int)
2025-11-07 02:58:11,700 INFO  [main][com.baidu.openrasp.hook.AbstractClassHook] insert before method com.mysql.cj.jdbc.ConnectionImpl.prepareCall(java.lang.String,int,int)
2025-11-07 02:58:11,723 INFO  [main][com.baidu.openrasp.HookHandler] add catch to method: com.mysql.cj.jdbc.ConnectionImpl.prepareCall(java.lang.String,int,int)
2025-11-07 02:58:11,940 INFO  [main][com.baidu.openrasp.hook.AbstractClassHook] insert before method com.mysql.cj.jdbc.StatementImpl.execute(java.lang.String)
2025-11-07 02:58:11,950 INFO  [main][com.baidu.openrasp.hook.AbstractClassHook] insert before method com.mysql.cj.jdbc.StatementImpl.execute(java.lang.String,int)
2025-11-07 02:58:11,958 INFO  [main][com.baidu.openrasp.hook.AbstractClassHook] insert before method com.mysql.cj.jdbc.StatementImpl.execute(java.lang.String,int[])
2025-11-07 02:58:11,965 INFO  [main][com.baidu.openrasp.hook.AbstractClassHook] insert before method com.mysql.cj.jdbc.StatementImpl.execute(java.lang.String,java.lang.String[])
2025-11-07 02:58:11,975 INFO  [main][com.baidu.openrasp.hook.AbstractClassHook] insert before method com.mysql.cj.jdbc.StatementImpl.executeUpdate(java.lang.String)
2025-11-07 02:58:11,985 INFO  [main][com.baidu.openrasp.hook.AbstractClassHook] insert before method com.mysql.cj.jdbc.StatementImpl.executeUpdate(java.lang.String,int)
2025-11-07 02:58:11,993 INFO  [main][com.baidu.openrasp.hook.AbstractClassHook] insert before method com.mysql.cj.jdbc.StatementImpl.executeUpdate(java.lang.String,int[])
2025-11-07 02:58:12,013 INFO  [main][com.baidu.openrasp.hook.AbstractClassHook] insert before method com.mysql.cj.jdbc.StatementImpl.executeUpdate(java.lang.String,java.lang.String[])
2025-11-07 02:58:12,044 INFO  [main][com.baidu.openrasp.hook.AbstractClassHook] insert before method com.mysql.cj.jdbc.StatementImpl.executeQuery(java.lang.String)
2025-11-07 02:58:12,050 INFO  [main][com.baidu.openrasp.hook.AbstractClassHook] insert before method com.mysql.cj.jdbc.StatementImpl.addBatch(java.lang.String)
2025-11-07 02:58:12,054 INFO  [main][com.baidu.openrasp.HookHandler] add catch to method: com.mysql.cj.jdbc.StatementImpl.execute(java.lang.String)
2025-11-07 02:58:12,058 INFO  [main][com.baidu.openrasp.HookHandler] add catch to method: com.mysql.cj.jdbc.StatementImpl.execute(java.lang.String,int)
2025-11-07 02:58:12,063 INFO  [main][com.baidu.openrasp.HookHandler] add catch to method: com.mysql.cj.jdbc.StatementImpl.execute(java.lang.String,int[])
2025-11-07 02:58:12,069 INFO  [main][com.baidu.openrasp.HookHandler] add catch to method: com.mysql.cj.jdbc.StatementImpl.execute(java.lang.String,java.lang.String[])
2025-11-07 02:58:12,073 INFO  [main][com.baidu.openrasp.HookHandler] add catch to method: com.mysql.cj.jdbc.StatementImpl.executeUpdate(java.lang.String)
2025-11-07 02:58:12,076 INFO  [main][com.baidu.openrasp.HookHandler] add catch to method: com.mysql.cj.jdbc.StatementImpl.executeUpdate(java.lang.String,int)
2025-11-07 02:58:12,080 INFO  [main][com.baidu.openrasp.HookHandler] add catch to method: com.mysql.cj.jdbc.StatementImpl.executeUpdate(java.lang.String,int[])
2025-11-07 02:58:12,089 INFO  [main][com.baidu.openrasp.HookHandler] add catch to method: com.mysql.cj.jdbc.StatementImpl.executeUpdate(java.lang.String,java.lang.String[])
2025-11-07 02:58:12,105 INFO  [main][com.baidu.openrasp.HookHandler] add catch to method: com.mysql.cj.jdbc.StatementImpl.executeQuery(java.lang.String)
2025-11-07 02:58:12,114 INFO  [main][com.baidu.openrasp.HookHandler] add catch to method: com.mysql.cj.jdbc.StatementImpl.addBatch(java.lang.String)
2025-11-07 02:58:32,988 INFO  [main][com.baidu.openrasp.hook.AbstractClassHook] insert before method com.sun.xml.internal.stream.XMLInputFactoryImpl.createXMLStreamReader(java.io.InputStream)
2025-11-07 02:58:33,000 INFO  [main][com.baidu.openrasp.hook.AbstractClassHook] insert before method com.sun.xml.internal.stream.XMLInputFactoryImpl.createXMLStreamReader(java.io.Reader)
2025-11-07 02:58:33,008 INFO  [main][com.baidu.openrasp.hook.AbstractClassHook] insert before method com.sun.xml.internal.stream.XMLInputFactoryImpl.createXMLStreamReader(java.lang.String,java.io.Reader)
2025-11-07 02:58:33,014 INFO  [main][com.baidu.openrasp.hook.AbstractClassHook] insert before method com.sun.xml.internal.stream.XMLInputFactoryImpl.createXMLStreamReader(javax.xml.transform.Source)
2025-11-07 02:58:33,027 INFO  [main][com.baidu.openrasp.hook.AbstractClassHook] insert before method com.sun.xml.internal.stream.XMLInputFactoryImpl.createXMLStreamReader(java.lang.String,java.io.InputStream)
2025-11-07 02:58:33,036 INFO  [main][com.baidu.openrasp.hook.AbstractClassHook] insert before method com.sun.xml.internal.stream.XMLInputFactoryImpl.createXMLStreamReader(java.io.InputStream,java.lang.String)
2025-11-07 02:58:33,038 INFO  [main][com.baidu.openrasp.hook.AbstractClassHook] insert before method com.sun.xml.internal.stream.XMLInputFactoryImpl.createXMLEventReader(java.io.InputStream)
2025-11-07 02:58:33,046 INFO  [main][com.baidu.openrasp.hook.AbstractClassHook] insert before method com.sun.xml.internal.stream.XMLInputFactoryImpl.createXMLEventReader(java.io.Reader)
2025-11-07 02:58:33,056 INFO  [main][com.baidu.openrasp.hook.AbstractClassHook] insert before method com.sun.xml.internal.stream.XMLInputFactoryImpl.createXMLEventReader(javax.xml.transform.Source)
2025-11-07 02:58:33,061 INFO  [main][com.baidu.openrasp.hook.AbstractClassHook] insert before method com.sun.xml.internal.stream.XMLInputFactoryImpl.createXMLEventReader(java.lang.String,java.io.InputStream)
2025-11-07 02:58:33,067 INFO  [main][com.baidu.openrasp.hook.AbstractClassHook] insert before method com.sun.xml.internal.stream.XMLInputFactoryImpl.createXMLEventReader(java.io.InputStream,java.lang.String)
2025-11-07 02:58:33,075 INFO  [main][com.baidu.openrasp.hook.AbstractClassHook] insert before method com.sun.xml.internal.stream.XMLInputFactoryImpl.createXMLEventReader(java.lang.String,java.io.Reader)
2025-11-07 02:58:33,084 INFO  [main][com.baidu.openrasp.hook.AbstractClassHook] insert before method com.sun.xml.internal.stream.XMLInputFactoryImpl.createXMLEventReader(javax.xml.stream.XMLStreamReader)
2025-11-07 02:58:51,620 INFO  [main][com.baidu.openrasp.config.Config] plugin.timeout.millis use the default value: 100
2025-11-07 02:58:51,621 INFO  [main][com.baidu.openrasp.config.Config] hooks.ignore: http_output
2025-11-07 02:58:51,622 INFO  [main][com.baidu.openrasp.config.Config] inject.urlprefix use the default value: 
2025-11-07 02:58:51,622 INFO  [main][com.baidu.openrasp.config.Config] request.param_encoding use the default value: 
2025-11-07 02:58:51,623 INFO  [main][com.baidu.openrasp.config.Config] body.maxbytes use the default value: 12288
2025-11-07 02:58:51,624 INFO  [main][com.baidu.openrasp.config.Config] log.maxbackup use the default value: 30
2025-11-07 02:58:51,625 INFO  [main][com.baidu.openrasp.config.Config] plugin.maxstack use the default value: 100
2025-11-07 02:58:51,631 INFO  [main][com.baidu.openrasp.config.Config] lru.max_size use the default value: 1024
2025-11-07 02:58:51,632 INFO  [main][com.baidu.openrasp.config.Config] plugin.filter use the default value: true
2025-11-07 02:58:51,632 INFO  [main][com.baidu.openrasp.config.Config] ognl.expression.minlength use the default value: 30
2025-11-07 02:58:51,633 INFO  [main][com.baidu.openrasp.config.Config] sql.slowquery.min_rows use the default value: 500
2025-11-07 02:58:51,634 INFO  [main][com.baidu.openrasp.config.Config] block.status_code use the default value: 302
2025-11-07 02:58:51,634 INFO  [main][com.baidu.openrasp.config.Config] debug.level use the default value: 0
2025-11-07 02:58:51,635 INFO  [main][com.baidu.openrasp.config.Config] clientip.header use the default value: ClientIP
2025-11-07 02:58:51,636 INFO  [main][com.baidu.openrasp.config.Config] block.redirect_url use the default value: https://rasp.baidu.com/blocked/?request_id=%request_id%
2025-11-07 02:58:51,636 INFO  [main][com.baidu.openrasp.config.Config] block.content_json use the default value: {"error":true, "reason": "Request blocked by OpenRASP", "request_id": "%request_id%"}
2025-11-07 02:58:51,636 INFO  [main][com.baidu.openrasp.config.Config] block.content_xml use the default value: <?xml version="1.0"?><doc><error>true</error><reason>Request blocked by OpenRASP</reason><request_id>%request_id%</request_id></doc>
2025-11-07 02:58:51,637 INFO  [main][com.baidu.openrasp.config.Config] block.content_html use the default value: </script><script>location.href="https://rasp.baidu.com/blocked2/?request_id=%request_id%"</script>
2025-11-07 02:58:51,639 INFO  [main][com.baidu.openrasp.config.Config] cloud.enable: true
2025-11-07 02:58:51,640 INFO  [main][com.baidu.openrasp.config.Config] cloud.backend_url: http://192.168.203.141:8086
2025-11-07 02:58:51,640 INFO  [main][com.baidu.openrasp.config.Config] cloud.app_id: 0c91b98f2aa79983228f10fc37725da726bd31d6
2025-11-07 02:58:51,641 INFO  [main][com.baidu.openrasp.config.Config] cloud.app_secret: 03HUqrDFqauBGqsHhkp@yxyMc871U83NuIGxQBoStIU
2025-11-07 02:58:51,641 INFO  [main][com.baidu.openrasp.config.Config] rasp.id use the default value: 
2025-11-07 02:58:51,642 INFO  [main][com.baidu.openrasp.config.Config] syslog.enable use the default value: false
2025-11-07 02:58:51,642 INFO  [main][com.baidu.openrasp.config.Config] syslog.url use the default value: 
2025-11-07 02:58:51,642 INFO  [main][com.baidu.openrasp.config.Config] syslog.tag use the default value: OPENRASP
2025-11-07 02:58:51,642 INFO  [main][com.baidu.openrasp.config.Config] syslog.facility use the default value: 1
2025-11-07 02:58:51,643 INFO  [main][com.baidu.openrasp.config.Config] syslog.reconnect_interval use the default value: 300000
2025-11-07 02:58:51,643 INFO  [main][com.baidu.openrasp.config.Config] log.maxburst use the default value: 100
2025-11-07 02:58:51,644 INFO  [main][com.baidu.openrasp.config.Config] cloud.heartbeat_interval use the default value: 90
2025-11-07 02:58:51,648 INFO  [main][com.baidu.openrasp.config.Config] hook.white use the default value: {}
2025-11-07 02:58:51,649 INFO  [main][com.baidu.openrasp.config.Config] hook.white.ALL use the default value: true
2025-11-07 02:58:51,649 INFO  [main][com.baidu.openrasp.config.Config] decompile.enable use the default value: false
2025-11-07 02:58:51,651 INFO  [main][com.baidu.openrasp.config.Config] inject.custom_headers: {X-Protected-By=OpenRASP}
2025-11-07 02:58:51,652 INFO  [main][com.baidu.openrasp.config.Config] dependency_check.interval use the default value: 21600
2025-11-07 02:58:51,652 INFO  [main][com.baidu.openrasp.config.Config] dependency_check.enable use the default value: false
2025-11-07 02:58:51,658 INFO  [main][com.baidu.openrasp.config.Config] security.weak_passwords use the default value: [111111, 123, 123123, 123456, 123456a, a123456, admin, both, manager, mysql, root, rootweblogic, tomcat, user, weblogic1, weblogic123, welcome1]
2025-11-07 02:58:51,658 INFO  [main][com.baidu.openrasp.config.Config] cpu.usage.percent use the default value: 90
2025-11-07 02:58:51,784 INFO  [main][com.baidu.openrasp.config.Config] cpu.usage.enable use the default value: false
2025-11-07 02:58:51,784 INFO  [main][com.baidu.openrasp.config.Config] cpu.usage.interval use the default value: 5
2025-11-07 02:58:51,784 INFO  [main][com.baidu.openrasp.config.Config] openrasp.ssl_verifypeer use the default value: false
2025-11-07 02:58:51,784 INFO  [main][com.baidu.openrasp.config.Config] file_monitor.mode use the default value: scan
2025-11-07 02:58:51,785 INFO  [main][com.baidu.openrasp.config.Config] file_monitor.interval use the default value: 3
2025-11-07 02:58:51,785 INFO  [main][com.baidu.openrasp.config.Config] iast.enable use the default value: false
2025-11-07 02:58:51,785 INFO  [main][com.baidu.openrasp.config.Config] lru.compare_enable use the default value: false
2025-11-07 02:58:51,785 INFO  [main][com.baidu.openrasp.config.Config] lru.compare_limit use the default value: 10240
2025-11-07 02:58:51,785 INFO  [main][com.baidu.openrasp.config.Config] response.sampler_interval use the default value: 60
2025-11-07 02:58:51,785 INFO  [main][com.baidu.openrasp.config.Config] response.sampler_burst use the default value: 5
2025-11-07 02:58:51,786 INFO  [main][com.baidu.openrasp.config.Config] baseDirectory: /home/enen/projects/bailianyingyong/chatbotAi/rasp
2025-11-07 02:58:52,323 INFO  [main][com.baidu.openrasp.transformer.CustomClassTransformer] ignore hook type http_output, class com.baidu.openrasp.hook.server.bes.BESHttpResponseHook
2025-11-07 02:58:52,326 INFO  [main][com.baidu.openrasp.transformer.CustomClassTransformer] ignore hook type http_output, class com.baidu.openrasp.hook.server.resin.ResinOutputCloseHook
2025-11-07 02:58:52,327 INFO  [main][com.baidu.openrasp.transformer.CustomClassTransformer] ignore hook type http_output, class com.baidu.openrasp.hook.server.websphere.WebsphereHttpOutputHook
2025-11-07 02:58:52,328 INFO  [main][com.baidu.openrasp.transformer.CustomClassTransformer] ignore hook type http_output, class com.baidu.openrasp.hook.server.tongweb7.Tongweb7OutputBufferHook
2025-11-07 02:58:52,330 INFO  [main][com.baidu.openrasp.transformer.CustomClassTransformer] ignore hook type http_output, class com.baidu.openrasp.hook.server.jetty.JettyHttpOutputHook
2025-11-07 02:58:52,330 INFO  [main][com.baidu.openrasp.transformer.CustomClassTransformer] ignore hook type http_output, class com.baidu.openrasp.hook.server.wildfly.UndertowOutputHook
2025-11-07 02:58:52,331 INFO  [main][com.baidu.openrasp.transformer.CustomClassTransformer] ignore hook type http_output, class com.baidu.openrasp.hook.server.weblogic.WeblogicHttpOutputHook
2025-11-07 02:58:52,334 INFO  [main][com.baidu.openrasp.transformer.CustomClassTransformer] ignore hook type http_output, class com.baidu.openrasp.hook.server.tongweb.TongwebHttpResponseHook
2025-11-07 02:58:52,335 INFO  [main][com.baidu.openrasp.transformer.CustomClassTransformer] ignore hook type http_output, class com.baidu.openrasp.hook.server.catalina.CatalinaOutputBufferHook
2025-11-07 02:58:52,795 INFO  [main][com.baidu.openrasp.hook.AbstractClassHook] insert before method java.net.InetAddress.getAllByName(java.lang.String)
2025-11-07 02:58:52,986 INFO  [main][com.baidu.openrasp.hook.AbstractClassHook] insert before method java.lang.ProcessImpl(byte[],byte[],int,byte[],int,byte[],int[],boolean,boolean)
2025-11-07 02:58:53,102 INFO  [main][com.baidu.openrasp.hook.AbstractClassHook] insert before method java.io.RandomAccessFile(java.io.File,java.lang.String)
2025-11-07 02:58:53,157 INFO  [main][com.baidu.openrasp.hook.AbstractClassHook] insert before method java.io.RandomAccessFile(java.io.File,java.lang.String)
2025-11-07 02:58:53,211 INFO  [main][com.baidu.openrasp.hook.AbstractClassHook] insert before method java.nio.file.Files.newDirectoryStream(java.nio.file.Path)
2025-11-07 02:58:53,252 INFO  [main][com.baidu.openrasp.hook.AbstractClassHook] insert before method java.nio.file.Files.readAllBytes(java.nio.file.Path)
2025-11-07 02:58:53,260 INFO  [main][com.baidu.openrasp.hook.AbstractClassHook] insert before method java.nio.file.Files.newInputStream(java.nio.file.Path,java.nio.file.OpenOption[])
2025-11-07 02:58:53,294 INFO  [main][com.baidu.openrasp.hook.AbstractClassHook] insert before method java.nio.file.Files.copy(java.nio.file.Path,java.nio.file.Path,java.nio.file.CopyOption[])
2025-11-07 02:58:53,302 INFO  [main][com.baidu.openrasp.hook.AbstractClassHook] insert before method java.nio.file.Files.move(java.nio.file.Path,java.nio.file.Path,java.nio.file.CopyOption[])
2025-11-07 02:58:53,308 INFO  [main][com.baidu.openrasp.hook.AbstractClassHook] insert before method java.nio.file.Files.createLink(java.nio.file.Path,java.nio.file.Path)
2025-11-07 02:58:53,335 INFO  [main][com.baidu.openrasp.hook.AbstractClassHook] insert before method java.nio.file.Files.delete(java.nio.file.Path)
2025-11-07 02:58:53,340 INFO  [main][com.baidu.openrasp.hook.AbstractClassHook] insert before method java.nio.file.Files.deleteIfExists(java.nio.file.Path)
2025-11-07 02:58:53,363 INFO  [main][com.baidu.openrasp.hook.AbstractClassHook] insert before method java.nio.file.Files.createFile(java.nio.file.Path,java.nio.file.attribute.FileAttribute[])
2025-11-07 02:58:53,369 INFO  [main][com.baidu.openrasp.hook.AbstractClassHook] insert before method java.nio.file.Files.newOutputStream(java.nio.file.Path,java.nio.file.OpenOption[])
2025-11-07 02:58:53,442 INFO  [main][com.baidu.openrasp.hook.AbstractClassHook] insert before method java.io.File.renameTo(java.io.File)
2025-11-07 02:58:53,473 INFO  [main][com.baidu.openrasp.hook.AbstractClassHook] insert before method java.io.File.delete()
2025-11-07 02:58:53,534 INFO  [main][com.baidu.openrasp.hook.AbstractClassHook] insert before method java.io.File.list()
2025-11-07 02:58:53,620 INFO  [main][com.baidu.openrasp.hook.AbstractClassHook] insert before method java.io.FileOutputStream(java.io.File,boolean)
2025-11-07 02:58:53,684 INFO  [main][com.baidu.openrasp.hook.AbstractClassHook] insert before method java.io.FileInputStream(java.io.File)
2025-11-07 02:58:53,767 INFO  [main][com.baidu.openrasp.EngineBoot] [OpenRASP] Engine Initialized [1.3.7 (build: GitCommit=97839b3 date=2023-03-31T08:56:34Z)]
2025-11-07 02:59:16,347 INFO  [main][com.baidu.openrasp.hook.AbstractClassHook] insert before method java.io.ObjectInputStream.resolveClass(java.io.ObjectStreamClass)
2025-11-07 02:59:17,874 INFO  [main][com.baidu.openrasp.HookHandler] detect server: tomcat/10.1.31.0
2025-11-07 02:59:17,894 INFO  [main][com.baidu.openrasp.HookHandler] detect server class: org/apache/catalina/Server
2025-11-07 02:59:18,496 INFO  [main][com.baidu.openrasp.hook.AbstractClassHook] insert before method org.apache.coyote.Response.doWrite(java.nio.ByteBuffer)
2025-11-07 02:59:18,555 INFO  [OpenRASP Register Thread][com.baidu.openrasp.hook.AbstractClassHook] insert before method sun.net.www.protocol.http.HttpURLConnection.getInputStream()
2025-11-07 02:59:18,578 INFO  [OpenRASP Register Thread][com.baidu.openrasp.hook.AbstractClassHook] insert after method: sun.net.www.protocol.http.HttpURLConnection.getInputStream()
2025-11-07 02:59:18,662 INFO  [OpenRASP Register Thread][com.baidu.openrasp.hook.AbstractClassHook] insert after method: sun.net.www.protocol.http.HttpURLConnection.followRedirect()
2025-11-07 02:59:18,887 WARN  [OpenRASP Register Thread][com.baidu.openrasp.messaging.LogTool] [E20008] 20008:Cloud Control Registered Failed, Status Code: 200 Description: Bad X-OpenRASP-AppSecret value, authentication failed: 
2025-11-07 02:59:19,402 INFO  [main][com.baidu.openrasp.hook.AbstractClassHook] insert before method org.apache.catalina.connector.CoyoteAdapter.service(org.apache.coyote.Request,org.apache.coyote.Response)
2025-11-07 02:59:20,919 INFO  [main][com.baidu.openrasp.hook.AbstractClassHook] insert before method com.mysql.cj.jdbc.NonRegisteringDriver.connect(java.lang.String,java.util.Properties)
2025-11-07 02:59:20,935 INFO  [main][com.baidu.openrasp.hook.AbstractClassHook] insert after method: com.mysql.cj.jdbc.NonRegisteringDriver.connect(java.lang.String,java.util.Properties)
2025-11-07 02:59:20,951 INFO  [main][com.baidu.openrasp.hook.AbstractClassHook] insert after method: com.mysql.cj.jdbc.NonRegisteringDriver.connect(java.lang.String,java.util.Properties)
2025-11-07 02:59:25,737 INFO  [main][com.baidu.openrasp.hook.AbstractClassHook] insert before method com.mysql.cj.jdbc.ConnectionImpl.prepareStatement(java.lang.String,int,int)
2025-11-07 02:59:25,747 INFO  [main][com.baidu.openrasp.HookHandler] add catch to method: com.mysql.cj.jdbc.ConnectionImpl.prepareStatement(java.lang.String,int,int)
2025-11-07 02:59:25,752 INFO  [main][com.baidu.openrasp.hook.AbstractClassHook] insert before method com.mysql.cj.jdbc.ConnectionImpl.prepareCall(java.lang.String,int,int)
2025-11-07 02:59:25,760 INFO  [main][com.baidu.openrasp.HookHandler] add catch to method: com.mysql.cj.jdbc.ConnectionImpl.prepareCall(java.lang.String,int,int)
2025-11-07 02:59:25,891 INFO  [main][com.baidu.openrasp.hook.AbstractClassHook] insert before method com.mysql.cj.jdbc.StatementImpl.execute(java.lang.String)
2025-11-07 02:59:25,894 INFO  [main][com.baidu.openrasp.hook.AbstractClassHook] insert before method com.mysql.cj.jdbc.StatementImpl.execute(java.lang.String,int)
2025-11-07 02:59:25,897 INFO  [main][com.baidu.openrasp.hook.AbstractClassHook] insert before method com.mysql.cj.jdbc.StatementImpl.execute(java.lang.String,int[])
2025-11-07 02:59:25,900 INFO  [main][com.baidu.openrasp.hook.AbstractClassHook] insert before method com.mysql.cj.jdbc.StatementImpl.execute(java.lang.String,java.lang.String[])
2025-11-07 02:59:25,904 INFO  [main][com.baidu.openrasp.hook.AbstractClassHook] insert before method com.mysql.cj.jdbc.StatementImpl.executeUpdate(java.lang.String)
2025-11-07 02:59:25,907 INFO  [main][com.baidu.openrasp.hook.AbstractClassHook] insert before method com.mysql.cj.jdbc.StatementImpl.executeUpdate(java.lang.String,int)
2025-11-07 02:59:25,911 INFO  [main][com.baidu.openrasp.hook.AbstractClassHook] insert before method com.mysql.cj.jdbc.StatementImpl.executeUpdate(java.lang.String,int[])
2025-11-07 02:59:25,915 INFO  [main][com.baidu.openrasp.hook.AbstractClassHook] insert before method com.mysql.cj.jdbc.StatementImpl.executeUpdate(java.lang.String,java.lang.String[])
2025-11-07 02:59:25,940 INFO  [main][com.baidu.openrasp.hook.AbstractClassHook] insert before method com.mysql.cj.jdbc.StatementImpl.executeQuery(java.lang.String)
2025-11-07 02:59:25,944 INFO  [main][com.baidu.openrasp.hook.AbstractClassHook] insert before method com.mysql.cj.jdbc.StatementImpl.addBatch(java.lang.String)
2025-11-07 02:59:25,949 INFO  [main][com.baidu.openrasp.HookHandler] add catch to method: com.mysql.cj.jdbc.StatementImpl.execute(java.lang.String)
2025-11-07 02:59:25,953 INFO  [main][com.baidu.openrasp.HookHandler] add catch to method: com.mysql.cj.jdbc.StatementImpl.execute(java.lang.String,int)
2025-11-07 02:59:25,956 INFO  [main][com.baidu.openrasp.HookHandler] add catch to method: com.mysql.cj.jdbc.StatementImpl.execute(java.lang.String,int[])
2025-11-07 02:59:25,958 INFO  [main][com.baidu.openrasp.HookHandler] add catch to method: com.mysql.cj.jdbc.StatementImpl.execute(java.lang.String,java.lang.String[])
2025-11-07 02:59:25,962 INFO  [main][com.baidu.openrasp.HookHandler] add catch to method: com.mysql.cj.jdbc.StatementImpl.executeUpdate(java.lang.String)
2025-11-07 02:59:25,969 INFO  [main][com.baidu.openrasp.HookHandler] add catch to method: com.mysql.cj.jdbc.StatementImpl.executeUpdate(java.lang.String,int)
2025-11-07 02:59:25,973 INFO  [main][com.baidu.openrasp.HookHandler] add catch to method: com.mysql.cj.jdbc.StatementImpl.executeUpdate(java.lang.String,int[])
2025-11-07 02:59:25,975 INFO  [main][com.baidu.openrasp.HookHandler] add catch to method: com.mysql.cj.jdbc.StatementImpl.executeUpdate(java.lang.String,java.lang.String[])
2025-11-07 02:59:25,986 INFO  [main][com.baidu.openrasp.HookHandler] add catch to method: com.mysql.cj.jdbc.StatementImpl.executeQuery(java.lang.String)
2025-11-07 02:59:25,990 INFO  [main][com.baidu.openrasp.HookHandler] add catch to method: com.mysql.cj.jdbc.StatementImpl.addBatch(java.lang.String)
2025-11-07 02:59:46,347 INFO  [main][com.baidu.openrasp.hook.AbstractClassHook] insert before method com.sun.xml.internal.stream.XMLInputFactoryImpl.createXMLStreamReader(java.io.InputStream)
2025-11-07 02:59:46,352 INFO  [main][com.baidu.openrasp.hook.AbstractClassHook] insert before method com.sun.xml.internal.stream.XMLInputFactoryImpl.createXMLStreamReader(java.io.Reader)
2025-11-07 02:59:46,364 INFO  [main][com.baidu.openrasp.hook.AbstractClassHook] insert before method com.sun.xml.internal.stream.XMLInputFactoryImpl.createXMLStreamReader(java.lang.String,java.io.Reader)
2025-11-07 02:59:46,369 INFO  [main][com.baidu.openrasp.hook.AbstractClassHook] insert before method com.sun.xml.internal.stream.XMLInputFactoryImpl.createXMLStreamReader(javax.xml.transform.Source)
2025-11-07 02:59:46,378 INFO  [main][com.baidu.openrasp.hook.AbstractClassHook] insert before method com.sun.xml.internal.stream.XMLInputFactoryImpl.createXMLStreamReader(java.lang.String,java.io.InputStream)
2025-11-07 02:59:46,387 INFO  [main][com.baidu.openrasp.hook.AbstractClassHook] insert before method com.sun.xml.internal.stream.XMLInputFactoryImpl.createXMLStreamReader(java.io.InputStream,java.lang.String)
2025-11-07 02:59:46,397 INFO  [main][com.baidu.openrasp.hook.AbstractClassHook] insert before method com.sun.xml.internal.stream.XMLInputFactoryImpl.createXMLEventReader(java.io.InputStream)
2025-11-07 02:59:46,407 INFO  [main][com.baidu.openrasp.hook.AbstractClassHook] insert before method com.sun.xml.internal.stream.XMLInputFactoryImpl.createXMLEventReader(java.io.Reader)
2025-11-07 02:59:46,415 INFO  [main][com.baidu.openrasp.hook.AbstractClassHook] insert before method com.sun.xml.internal.stream.XMLInputFactoryImpl.createXMLEventReader(javax.xml.transform.Source)
2025-11-07 02:59:46,420 INFO  [main][com.baidu.openrasp.hook.AbstractClassHook] insert before method com.sun.xml.internal.stream.XMLInputFactoryImpl.createXMLEventReader(java.lang.String,java.io.InputStream)
2025-11-07 02:59:46,426 INFO  [main][com.baidu.openrasp.hook.AbstractClassHook] insert before method com.sun.xml.internal.stream.XMLInputFactoryImpl.createXMLEventReader(java.io.InputStream,java.lang.String)
2025-11-07 02:59:46,436 INFO  [main][com.baidu.openrasp.hook.AbstractClassHook] insert before method com.sun.xml.internal.stream.XMLInputFactoryImpl.createXMLEventReader(java.lang.String,java.io.Reader)
2025-11-07 02:59:46,450 INFO  [main][com.baidu.openrasp.hook.AbstractClassHook] insert before method com.sun.xml.internal.stream.XMLInputFactoryImpl.createXMLEventReader(javax.xml.stream.XMLStreamReader)
2025-11-07 03:01:30,301 INFO  [http-nio-9988-exec-1][com.baidu.openrasp.hook.AbstractClassHook] insert after method: org.apache.catalina.connector.Request.parseParameters()
2025-11-07 03:01:30,350 INFO  [http-nio-9988-exec-1][com.baidu.openrasp.hook.AbstractClassHook] insert after method: org.apache.catalina.connector.CoyoteReader.read()
2025-11-07 03:01:30,354 INFO  [http-nio-9988-exec-1][com.baidu.openrasp.hook.AbstractClassHook] insert after method: org.apache.catalina.connector.CoyoteReader.read(char[])
2025-11-07 03:01:30,357 INFO  [http-nio-9988-exec-1][com.baidu.openrasp.hook.AbstractClassHook] insert after method: org.apache.catalina.connector.CoyoteReader.read(char[],int,int)
2025-11-07 03:01:30,408 INFO  [http-nio-9988-exec-1][com.baidu.openrasp.hook.AbstractClassHook] insert after method: org.apache.catalina.connector.InputBuffer.readByte()
2025-11-07 03:01:30,411 INFO  [http-nio-9988-exec-1][com.baidu.openrasp.hook.AbstractClassHook] insert after method: org.apache.catalina.connector.InputBuffer.read(byte[],int,int)
2025-11-07 03:01:30,579 INFO  [http-nio-9988-exec-1][com.baidu.openrasp.hook.AbstractClassHook] insert before method org.apache.catalina.core.ApplicationFilterChain.doFilter(jakarta.servlet.ServletRequest,jakarta.servlet.ServletResponse)
2025-11-07 03:01:30,607 INFO  [http-nio-9988-exec-1][com.baidu.openrasp.hook.AbstractClassHook] insert after method: org.apache.catalina.core.ApplicationFilterChain.doFilter(jakarta.servlet.ServletRequest,jakarta.servlet.ServletResponse)
2025-11-07 03:04:18,959 WARN  [OpenRASP Register Thread][com.baidu.openrasp.messaging.LogTool] [E20008] 20008:Cloud Control Registered Failed, Status Code: 200 Description: Bad X-OpenRASP-AppSecret value, authentication failed: 
2025-11-07 03:08:05,974 INFO  [main][com.baidu.openrasp.config.Config] plugin.timeout.millis use the default value: 100
2025-11-07 03:08:05,976 INFO  [main][com.baidu.openrasp.config.Config] hooks.ignore: http_output
2025-11-07 03:08:05,976 INFO  [main][com.baidu.openrasp.config.Config] inject.urlprefix use the default value: 
2025-11-07 03:08:05,976 INFO  [main][com.baidu.openrasp.config.Config] request.param_encoding use the default value: 
2025-11-07 03:08:05,977 INFO  [main][com.baidu.openrasp.config.Config] body.maxbytes use the default value: 12288
2025-11-07 03:08:05,977 INFO  [main][com.baidu.openrasp.config.Config] log.maxbackup use the default value: 30
2025-11-07 03:08:05,977 INFO  [main][com.baidu.openrasp.config.Config] plugin.maxstack use the default value: 100
2025-11-07 03:08:05,985 INFO  [main][com.baidu.openrasp.config.Config] lru.max_size use the default value: 1024
2025-11-07 03:08:05,985 INFO  [main][com.baidu.openrasp.config.Config] plugin.filter use the default value: true
2025-11-07 03:08:05,986 INFO  [main][com.baidu.openrasp.config.Config] ognl.expression.minlength use the default value: 30
2025-11-07 03:08:05,986 INFO  [main][com.baidu.openrasp.config.Config] sql.slowquery.min_rows use the default value: 500
2025-11-07 03:08:05,986 INFO  [main][com.baidu.openrasp.config.Config] block.status_code use the default value: 302
2025-11-07 03:08:05,986 INFO  [main][com.baidu.openrasp.config.Config] debug.level use the default value: 0
2025-11-07 03:08:05,986 INFO  [main][com.baidu.openrasp.config.Config] clientip.header use the default value: ClientIP
2025-11-07 03:08:05,987 INFO  [main][com.baidu.openrasp.config.Config] block.redirect_url use the default value: https://rasp.baidu.com/blocked/?request_id=%request_id%
2025-11-07 03:08:05,987 INFO  [main][com.baidu.openrasp.config.Config] block.content_json use the default value: {"error":true, "reason": "Request blocked by OpenRASP", "request_id": "%request_id%"}
2025-11-07 03:08:05,988 INFO  [main][com.baidu.openrasp.config.Config] block.content_xml use the default value: <?xml version="1.0"?><doc><error>true</error><reason>Request blocked by OpenRASP</reason><request_id>%request_id%</request_id></doc>
2025-11-07 03:08:05,988 INFO  [main][com.baidu.openrasp.config.Config] block.content_html use the default value: </script><script>location.href="https://rasp.baidu.com/blocked2/?request_id=%request_id%"</script>
2025-11-07 03:08:05,988 INFO  [main][com.baidu.openrasp.config.Config] cloud.enable: true
2025-11-07 03:08:05,989 INFO  [main][com.baidu.openrasp.config.Config] cloud.backend_url: http://192.168.203.141:8086
2025-11-07 03:08:05,989 INFO  [main][com.baidu.openrasp.config.Config] cloud.app_id: 0c91b98f2aa79983228f10fc37725da726bd31d6
2025-11-07 03:08:05,989 INFO  [main][com.baidu.openrasp.config.Config] cloud.app_secret: 03HUqrDFqauBGqsHhkp@yxyMc871U83NuIGxQBoStIU
2025-11-07 03:08:05,989 INFO  [main][com.baidu.openrasp.config.Config] rasp.id use the default value: 
2025-11-07 03:08:05,989 INFO  [main][com.baidu.openrasp.config.Config] syslog.enable use the default value: false
2025-11-07 03:08:05,990 INFO  [main][com.baidu.openrasp.config.Config] syslog.url use the default value: 
2025-11-07 03:08:05,990 INFO  [main][com.baidu.openrasp.config.Config] syslog.tag use the default value: OPENRASP
2025-11-07 03:08:05,990 INFO  [main][com.baidu.openrasp.config.Config] syslog.facility use the default value: 1
2025-11-07 03:08:05,990 INFO  [main][com.baidu.openrasp.config.Config] syslog.reconnect_interval use the default value: 300000
2025-11-07 03:08:05,990 INFO  [main][com.baidu.openrasp.config.Config] log.maxburst use the default value: 100
2025-11-07 03:08:05,991 INFO  [main][com.baidu.openrasp.config.Config] cloud.heartbeat_interval use the default value: 90
2025-11-07 03:08:05,997 INFO  [main][com.baidu.openrasp.config.Config] hook.white use the default value: {}
2025-11-07 03:08:05,997 INFO  [main][com.baidu.openrasp.config.Config] hook.white.ALL use the default value: true
2025-11-07 03:08:05,998 INFO  [main][com.baidu.openrasp.config.Config] decompile.enable use the default value: false
2025-11-07 03:08:06,005 INFO  [main][com.baidu.openrasp.config.Config] inject.custom_headers: {X-Protected-By=OpenRASP}
2025-11-07 03:08:06,006 INFO  [main][com.baidu.openrasp.config.Config] dependency_check.interval use the default value: 21600
2025-11-07 03:08:06,006 INFO  [main][com.baidu.openrasp.config.Config] dependency_check.enable use the default value: false
2025-11-07 03:08:06,022 INFO  [main][com.baidu.openrasp.config.Config] security.weak_passwords use the default value: [111111, 123, 123123, 123456, 123456a, a123456, admin, both, manager, mysql, root, rootweblogic, tomcat, user, weblogic1, weblogic123, welcome1]
2025-11-07 03:08:06,023 INFO  [main][com.baidu.openrasp.config.Config] cpu.usage.percent use the default value: 90
2025-11-07 03:08:06,255 INFO  [main][com.baidu.openrasp.config.Config] cpu.usage.enable use the default value: false
2025-11-07 03:08:06,258 INFO  [main][com.baidu.openrasp.config.Config] cpu.usage.interval use the default value: 5
2025-11-07 03:08:06,260 INFO  [main][com.baidu.openrasp.config.Config] openrasp.ssl_verifypeer use the default value: false
2025-11-07 03:08:06,260 INFO  [main][com.baidu.openrasp.config.Config] file_monitor.mode use the default value: scan
2025-11-07 03:08:06,261 INFO  [main][com.baidu.openrasp.config.Config] file_monitor.interval use the default value: 3
2025-11-07 03:08:06,261 INFO  [main][com.baidu.openrasp.config.Config] iast.enable use the default value: false
2025-11-07 03:08:06,265 INFO  [main][com.baidu.openrasp.config.Config] lru.compare_enable use the default value: false
2025-11-07 03:08:06,265 INFO  [main][com.baidu.openrasp.config.Config] lru.compare_limit use the default value: 10240
2025-11-07 03:08:06,266 INFO  [main][com.baidu.openrasp.config.Config] response.sampler_interval use the default value: 60
2025-11-07 03:08:06,266 INFO  [main][com.baidu.openrasp.config.Config] response.sampler_burst use the default value: 5
2025-11-07 03:08:06,270 INFO  [main][com.baidu.openrasp.config.Config] baseDirectory: /home/enen/projects/bailianyingyong/chatbotAi/rasp
2025-11-07 03:08:07,097 INFO  [main][com.baidu.openrasp.transformer.CustomClassTransformer] ignore hook type http_output, class com.baidu.openrasp.hook.server.bes.BESHttpResponseHook
2025-11-07 03:08:07,106 INFO  [main][com.baidu.openrasp.transformer.CustomClassTransformer] ignore hook type http_output, class com.baidu.openrasp.hook.server.resin.ResinOutputCloseHook
2025-11-07 03:08:07,107 INFO  [main][com.baidu.openrasp.transformer.CustomClassTransformer] ignore hook type http_output, class com.baidu.openrasp.hook.server.websphere.WebsphereHttpOutputHook
2025-11-07 03:08:07,111 INFO  [main][com.baidu.openrasp.transformer.CustomClassTransformer] ignore hook type http_output, class com.baidu.openrasp.hook.server.tongweb7.Tongweb7OutputBufferHook
2025-11-07 03:08:07,116 INFO  [main][com.baidu.openrasp.transformer.CustomClassTransformer] ignore hook type http_output, class com.baidu.openrasp.hook.server.jetty.JettyHttpOutputHook
2025-11-07 03:08:07,121 INFO  [main][com.baidu.openrasp.transformer.CustomClassTransformer] ignore hook type http_output, class com.baidu.openrasp.hook.server.wildfly.UndertowOutputHook
2025-11-07 03:08:07,124 INFO  [main][com.baidu.openrasp.transformer.CustomClassTransformer] ignore hook type http_output, class com.baidu.openrasp.hook.server.weblogic.WeblogicHttpOutputHook
2025-11-07 03:08:07,132 INFO  [main][com.baidu.openrasp.transformer.CustomClassTransformer] ignore hook type http_output, class com.baidu.openrasp.hook.server.tongweb.TongwebHttpResponseHook
2025-11-07 03:08:07,133 INFO  [main][com.baidu.openrasp.transformer.CustomClassTransformer] ignore hook type http_output, class com.baidu.openrasp.hook.server.catalina.CatalinaOutputBufferHook
2025-11-07 03:08:07,653 INFO  [main][com.baidu.openrasp.hook.AbstractClassHook] insert before method java.net.InetAddress.getAllByName(java.lang.String)
2025-11-07 03:08:07,891 INFO  [main][com.baidu.openrasp.hook.AbstractClassHook] insert before method java.lang.ProcessImpl(byte[],byte[],int,byte[],int,byte[],int[],boolean,boolean)
2025-11-07 03:08:08,044 INFO  [main][com.baidu.openrasp.hook.AbstractClassHook] insert before method java.io.RandomAccessFile(java.io.File,java.lang.String)
2025-11-07 03:08:08,123 INFO  [main][com.baidu.openrasp.hook.AbstractClassHook] insert before method java.io.RandomAccessFile(java.io.File,java.lang.String)
2025-11-07 03:08:08,187 INFO  [main][com.baidu.openrasp.hook.AbstractClassHook] insert before method java.nio.file.Files.newDirectoryStream(java.nio.file.Path)
2025-11-07 03:08:08,237 INFO  [main][com.baidu.openrasp.hook.AbstractClassHook] insert before method java.nio.file.Files.readAllBytes(java.nio.file.Path)
2025-11-07 03:08:08,247 INFO  [main][com.baidu.openrasp.hook.AbstractClassHook] insert before method java.nio.file.Files.newInputStream(java.nio.file.Path,java.nio.file.OpenOption[])
2025-11-07 03:08:08,285 INFO  [main][com.baidu.openrasp.hook.AbstractClassHook] insert before method java.nio.file.Files.copy(java.nio.file.Path,java.nio.file.Path,java.nio.file.CopyOption[])
2025-11-07 03:08:08,293 INFO  [main][com.baidu.openrasp.hook.AbstractClassHook] insert before method java.nio.file.Files.move(java.nio.file.Path,java.nio.file.Path,java.nio.file.CopyOption[])
2025-11-07 03:08:08,305 INFO  [main][com.baidu.openrasp.hook.AbstractClassHook] insert before method java.nio.file.Files.createLink(java.nio.file.Path,java.nio.file.Path)
2025-11-07 03:08:08,358 INFO  [main][com.baidu.openrasp.hook.AbstractClassHook] insert before method java.nio.file.Files.delete(java.nio.file.Path)
2025-11-07 03:08:08,369 INFO  [main][com.baidu.openrasp.hook.AbstractClassHook] insert before method java.nio.file.Files.deleteIfExists(java.nio.file.Path)
2025-11-07 03:08:08,423 INFO  [main][com.baidu.openrasp.hook.AbstractClassHook] insert before method java.nio.file.Files.createFile(java.nio.file.Path,java.nio.file.attribute.FileAttribute[])
2025-11-07 03:08:08,443 INFO  [main][com.baidu.openrasp.hook.AbstractClassHook] insert before method java.nio.file.Files.newOutputStream(java.nio.file.Path,java.nio.file.OpenOption[])
2025-11-07 03:08:08,554 INFO  [main][com.baidu.openrasp.hook.AbstractClassHook] insert before method java.io.File.renameTo(java.io.File)
2025-11-07 03:08:08,629 INFO  [main][com.baidu.openrasp.hook.AbstractClassHook] insert before method java.io.File.delete()
2025-11-07 03:08:08,671 INFO  [main][com.baidu.openrasp.hook.AbstractClassHook] insert before method java.io.File.list()
2025-11-07 03:08:08,737 INFO  [main][com.baidu.openrasp.hook.AbstractClassHook] insert before method java.io.FileOutputStream(java.io.File,boolean)
2025-11-07 03:08:08,803 INFO  [main][com.baidu.openrasp.hook.AbstractClassHook] insert before method java.io.FileInputStream(java.io.File)
2025-11-07 03:08:08,913 INFO  [main][com.baidu.openrasp.EngineBoot] [OpenRASP] Engine Initialized [1.3.7 (build: GitCommit=97839b3 date=2023-03-31T08:56:34Z)]
2025-11-07 03:08:33,435 INFO  [main][com.baidu.openrasp.hook.AbstractClassHook] insert before method java.io.ObjectInputStream.resolveClass(java.io.ObjectStreamClass)
2025-11-07 03:08:35,366 INFO  [main][com.baidu.openrasp.HookHandler] detect server: tomcat/10.1.31.0
2025-11-07 03:08:35,385 INFO  [main][com.baidu.openrasp.HookHandler] detect server class: org/apache/catalina/Server
2025-11-07 03:08:36,456 INFO  [OpenRASP Register Thread][com.baidu.openrasp.hook.AbstractClassHook] insert before method sun.net.www.protocol.http.HttpURLConnection.getInputStream()
2025-11-07 03:08:36,480 INFO  [OpenRASP Register Thread][com.baidu.openrasp.hook.AbstractClassHook] insert after method: sun.net.www.protocol.http.HttpURLConnection.getInputStream()
2025-11-07 03:08:36,727 INFO  [OpenRASP Register Thread][com.baidu.openrasp.hook.AbstractClassHook] insert after method: sun.net.www.protocol.http.HttpURLConnection.followRedirect()
2025-11-07 03:08:36,781 INFO  [main][com.baidu.openrasp.hook.AbstractClassHook] insert before method org.apache.coyote.Response.doWrite(java.nio.ByteBuffer)
2025-11-07 03:08:37,238 WARN  [OpenRASP Register Thread][com.baidu.openrasp.messaging.LogTool] [E20008] 20008:Cloud Control Registered Failed, Status Code: 200 Description: Bad X-OpenRASP-AppSecret value, authentication failed: 
2025-11-07 03:08:38,205 INFO  [main][com.baidu.openrasp.hook.AbstractClassHook] insert before method org.apache.catalina.connector.CoyoteAdapter.service(org.apache.coyote.Request,org.apache.coyote.Response)
2025-11-07 03:08:40,161 INFO  [main][com.baidu.openrasp.hook.AbstractClassHook] insert before method com.mysql.cj.jdbc.NonRegisteringDriver.connect(java.lang.String,java.util.Properties)
2025-11-07 03:08:40,198 INFO  [main][com.baidu.openrasp.hook.AbstractClassHook] insert after method: com.mysql.cj.jdbc.NonRegisteringDriver.connect(java.lang.String,java.util.Properties)
2025-11-07 03:08:40,208 INFO  [main][com.baidu.openrasp.hook.AbstractClassHook] insert after method: com.mysql.cj.jdbc.NonRegisteringDriver.connect(java.lang.String,java.util.Properties)
2025-11-07 03:08:45,910 INFO  [main][com.baidu.openrasp.hook.AbstractClassHook] insert before method com.mysql.cj.jdbc.ConnectionImpl.prepareStatement(java.lang.String,int,int)
2025-11-07 03:08:45,921 INFO  [main][com.baidu.openrasp.HookHandler] add catch to method: com.mysql.cj.jdbc.ConnectionImpl.prepareStatement(java.lang.String,int,int)
2025-11-07 03:08:45,928 INFO  [main][com.baidu.openrasp.hook.AbstractClassHook] insert before method com.mysql.cj.jdbc.ConnectionImpl.prepareCall(java.lang.String,int,int)
2025-11-07 03:08:45,933 INFO  [main][com.baidu.openrasp.HookHandler] add catch to method: com.mysql.cj.jdbc.ConnectionImpl.prepareCall(java.lang.String,int,int)
2025-11-07 03:08:46,086 INFO  [main][com.baidu.openrasp.hook.AbstractClassHook] insert before method com.mysql.cj.jdbc.StatementImpl.execute(java.lang.String)
2025-11-07 03:08:46,090 INFO  [main][com.baidu.openrasp.hook.AbstractClassHook] insert before method com.mysql.cj.jdbc.StatementImpl.execute(java.lang.String,int)
2025-11-07 03:08:46,103 INFO  [main][com.baidu.openrasp.hook.AbstractClassHook] insert before method com.mysql.cj.jdbc.StatementImpl.execute(java.lang.String,int[])
2025-11-07 03:08:46,107 INFO  [main][com.baidu.openrasp.hook.AbstractClassHook] insert before method com.mysql.cj.jdbc.StatementImpl.execute(java.lang.String,java.lang.String[])
2025-11-07 03:08:46,115 INFO  [main][com.baidu.openrasp.hook.AbstractClassHook] insert before method com.mysql.cj.jdbc.StatementImpl.executeUpdate(java.lang.String)
2025-11-07 03:08:46,121 INFO  [main][com.baidu.openrasp.hook.AbstractClassHook] insert before method com.mysql.cj.jdbc.StatementImpl.executeUpdate(java.lang.String,int)
2025-11-07 03:08:46,133 INFO  [main][com.baidu.openrasp.hook.AbstractClassHook] insert before method com.mysql.cj.jdbc.StatementImpl.executeUpdate(java.lang.String,int[])
2025-11-07 03:08:46,139 INFO  [main][com.baidu.openrasp.hook.AbstractClassHook] insert before method com.mysql.cj.jdbc.StatementImpl.executeUpdate(java.lang.String,java.lang.String[])
2025-11-07 03:08:46,153 INFO  [main][com.baidu.openrasp.hook.AbstractClassHook] insert before method com.mysql.cj.jdbc.StatementImpl.executeQuery(java.lang.String)
2025-11-07 03:08:46,160 INFO  [main][com.baidu.openrasp.hook.AbstractClassHook] insert before method com.mysql.cj.jdbc.StatementImpl.addBatch(java.lang.String)
2025-11-07 03:08:46,164 INFO  [main][com.baidu.openrasp.HookHandler] add catch to method: com.mysql.cj.jdbc.StatementImpl.execute(java.lang.String)
2025-11-07 03:08:46,174 INFO  [main][com.baidu.openrasp.HookHandler] add catch to method: com.mysql.cj.jdbc.StatementImpl.execute(java.lang.String,int)
2025-11-07 03:08:46,179 INFO  [main][com.baidu.openrasp.HookHandler] add catch to method: com.mysql.cj.jdbc.StatementImpl.execute(java.lang.String,int[])
2025-11-07 03:08:46,183 INFO  [main][com.baidu.openrasp.HookHandler] add catch to method: com.mysql.cj.jdbc.StatementImpl.execute(java.lang.String,java.lang.String[])
2025-11-07 03:08:46,189 INFO  [main][com.baidu.openrasp.HookHandler] add catch to method: com.mysql.cj.jdbc.StatementImpl.executeUpdate(java.lang.String)
2025-11-07 03:08:46,193 INFO  [main][com.baidu.openrasp.HookHandler] add catch to method: com.mysql.cj.jdbc.StatementImpl.executeUpdate(java.lang.String,int)
2025-11-07 03:08:46,198 INFO  [main][com.baidu.openrasp.HookHandler] add catch to method: com.mysql.cj.jdbc.StatementImpl.executeUpdate(java.lang.String,int[])
2025-11-07 03:08:46,200 INFO  [main][com.baidu.openrasp.HookHandler] add catch to method: com.mysql.cj.jdbc.StatementImpl.executeUpdate(java.lang.String,java.lang.String[])
2025-11-07 03:08:46,212 INFO  [main][com.baidu.openrasp.HookHandler] add catch to method: com.mysql.cj.jdbc.StatementImpl.executeQuery(java.lang.String)
2025-11-07 03:08:46,219 INFO  [main][com.baidu.openrasp.HookHandler] add catch to method: com.mysql.cj.jdbc.StatementImpl.addBatch(java.lang.String)
2025-11-07 03:09:08,819 INFO  [main][com.baidu.openrasp.hook.AbstractClassHook] insert before method com.sun.xml.internal.stream.XMLInputFactoryImpl.createXMLStreamReader(java.io.InputStream)
2025-11-07 03:09:08,823 INFO  [main][com.baidu.openrasp.hook.AbstractClassHook] insert before method com.sun.xml.internal.stream.XMLInputFactoryImpl.createXMLStreamReader(java.io.Reader)
2025-11-07 03:09:08,831 INFO  [main][com.baidu.openrasp.hook.AbstractClassHook] insert before method com.sun.xml.internal.stream.XMLInputFactoryImpl.createXMLStreamReader(java.lang.String,java.io.Reader)
2025-11-07 03:09:08,842 INFO  [main][com.baidu.openrasp.hook.AbstractClassHook] insert before method com.sun.xml.internal.stream.XMLInputFactoryImpl.createXMLStreamReader(javax.xml.transform.Source)
2025-11-07 03:09:08,846 INFO  [main][com.baidu.openrasp.hook.AbstractClassHook] insert before method com.sun.xml.internal.stream.XMLInputFactoryImpl.createXMLStreamReader(java.lang.String,java.io.InputStream)
2025-11-07 03:09:08,851 INFO  [main][com.baidu.openrasp.hook.AbstractClassHook] insert before method com.sun.xml.internal.stream.XMLInputFactoryImpl.createXMLStreamReader(java.io.InputStream,java.lang.String)
2025-11-07 03:09:08,855 INFO  [main][com.baidu.openrasp.hook.AbstractClassHook] insert before method com.sun.xml.internal.stream.XMLInputFactoryImpl.createXMLEventReader(java.io.InputStream)
2025-11-07 03:09:08,864 INFO  [main][com.baidu.openrasp.hook.AbstractClassHook] insert before method com.sun.xml.internal.stream.XMLInputFactoryImpl.createXMLEventReader(java.io.Reader)
2025-11-07 03:09:08,872 INFO  [main][com.baidu.openrasp.hook.AbstractClassHook] insert before method com.sun.xml.internal.stream.XMLInputFactoryImpl.createXMLEventReader(javax.xml.transform.Source)
2025-11-07 03:09:08,877 INFO  [main][com.baidu.openrasp.hook.AbstractClassHook] insert before method com.sun.xml.internal.stream.XMLInputFactoryImpl.createXMLEventReader(java.lang.String,java.io.InputStream)
2025-11-07 03:09:08,882 INFO  [main][com.baidu.openrasp.hook.AbstractClassHook] insert before method com.sun.xml.internal.stream.XMLInputFactoryImpl.createXMLEventReader(java.io.InputStream,java.lang.String)
2025-11-07 03:09:08,887 INFO  [main][com.baidu.openrasp.hook.AbstractClassHook] insert before method com.sun.xml.internal.stream.XMLInputFactoryImpl.createXMLEventReader(java.lang.String,java.io.Reader)
2025-11-07 03:09:08,891 INFO  [main][com.baidu.openrasp.hook.AbstractClassHook] insert before method com.sun.xml.internal.stream.XMLInputFactoryImpl.createXMLEventReader(javax.xml.stream.XMLStreamReader)
2025-11-07 03:12:28,155 INFO  [main][com.baidu.openrasp.config.Config] plugin.timeout.millis use the default value: 100
2025-11-07 03:12:28,158 INFO  [main][com.baidu.openrasp.config.Config] hooks.ignore: http_output
2025-11-07 03:12:28,159 INFO  [main][com.baidu.openrasp.config.Config] inject.urlprefix use the default value: 
2025-11-07 03:12:28,161 INFO  [main][com.baidu.openrasp.config.Config] request.param_encoding use the default value: 
2025-11-07 03:12:28,162 INFO  [main][com.baidu.openrasp.config.Config] body.maxbytes use the default value: 12288
2025-11-07 03:12:28,163 INFO  [main][com.baidu.openrasp.config.Config] log.maxbackup use the default value: 30
2025-11-07 03:12:28,165 INFO  [main][com.baidu.openrasp.config.Config] plugin.maxstack use the default value: 100
2025-11-07 03:12:28,173 INFO  [main][com.baidu.openrasp.config.Config] lru.max_size use the default value: 1024
2025-11-07 03:12:28,174 INFO  [main][com.baidu.openrasp.config.Config] plugin.filter use the default value: true
2025-11-07 03:12:28,174 INFO  [main][com.baidu.openrasp.config.Config] ognl.expression.minlength use the default value: 30
2025-11-07 03:12:28,174 INFO  [main][com.baidu.openrasp.config.Config] sql.slowquery.min_rows use the default value: 500
2025-11-07 03:12:28,176 INFO  [main][com.baidu.openrasp.config.Config] block.status_code use the default value: 302
2025-11-07 03:12:28,176 INFO  [main][com.baidu.openrasp.config.Config] debug.level use the default value: 0
2025-11-07 03:12:28,177 INFO  [main][com.baidu.openrasp.config.Config] clientip.header use the default value: ClientIP
2025-11-07 03:12:28,177 INFO  [main][com.baidu.openrasp.config.Config] block.redirect_url use the default value: https://rasp.baidu.com/blocked/?request_id=%request_id%
2025-11-07 03:12:28,178 INFO  [main][com.baidu.openrasp.config.Config] block.content_json use the default value: {"error":true, "reason": "Request blocked by OpenRASP", "request_id": "%request_id%"}
2025-11-07 03:12:28,179 INFO  [main][com.baidu.openrasp.config.Config] block.content_xml use the default value: <?xml version="1.0"?><doc><error>true</error><reason>Request blocked by OpenRASP</reason><request_id>%request_id%</request_id></doc>
2025-11-07 03:12:28,181 INFO  [main][com.baidu.openrasp.config.Config] block.content_html use the default value: </script><script>location.href="https://rasp.baidu.com/blocked2/?request_id=%request_id%"</script>
2025-11-07 03:12:28,182 INFO  [main][com.baidu.openrasp.config.Config] cloud.enable: true
2025-11-07 03:12:28,183 INFO  [main][com.baidu.openrasp.config.Config] cloud.backend_url: http://192.168.203.141:8086
2025-11-07 03:12:28,183 INFO  [main][com.baidu.openrasp.config.Config] cloud.app_id: 0c91b98f2aa79983228f10fc37725da726bd31d6
2025-11-07 03:12:28,183 INFO  [main][com.baidu.openrasp.config.Config] cloud.app_secret: 03HUqrDFqauBGqsHhkp@yxyMc871U83NuIGxQBoStIU
2025-11-07 03:12:28,183 INFO  [main][com.baidu.openrasp.config.Config] rasp.id use the default value: 
2025-11-07 03:12:28,184 INFO  [main][com.baidu.openrasp.config.Config] syslog.enable use the default value: false
2025-11-07 03:12:28,184 INFO  [main][com.baidu.openrasp.config.Config] syslog.url use the default value: 
2025-11-07 03:12:28,187 INFO  [main][com.baidu.openrasp.config.Config] syslog.tag use the default value: OPENRASP
2025-11-07 03:12:28,188 INFO  [main][com.baidu.openrasp.config.Config] syslog.facility use the default value: 1
2025-11-07 03:12:28,188 INFO  [main][com.baidu.openrasp.config.Config] syslog.reconnect_interval use the default value: 300000
2025-11-07 03:12:28,188 INFO  [main][com.baidu.openrasp.config.Config] log.maxburst use the default value: 100
2025-11-07 03:12:28,189 INFO  [main][com.baidu.openrasp.config.Config] cloud.heartbeat_interval use the default value: 90
2025-11-07 03:12:28,193 INFO  [main][com.baidu.openrasp.config.Config] hook.white use the default value: {}
2025-11-07 03:12:28,193 INFO  [main][com.baidu.openrasp.config.Config] hook.white.ALL use the default value: true
2025-11-07 03:12:28,194 INFO  [main][com.baidu.openrasp.config.Config] decompile.enable use the default value: false
2025-11-07 03:12:28,196 INFO  [main][com.baidu.openrasp.config.Config] inject.custom_headers: {X-Protected-By=OpenRASP}
2025-11-07 03:12:28,196 INFO  [main][com.baidu.openrasp.config.Config] dependency_check.interval use the default value: 21600
2025-11-07 03:12:28,197 INFO  [main][com.baidu.openrasp.config.Config] dependency_check.enable use the default value: false
2025-11-07 03:12:28,207 INFO  [main][com.baidu.openrasp.config.Config] security.weak_passwords use the default value: [111111, 123, 123123, 123456, 123456a, a123456, admin, both, manager, mysql, root, rootweblogic, tomcat, user, weblogic1, weblogic123, welcome1]
2025-11-07 03:12:28,208 INFO  [main][com.baidu.openrasp.config.Config] cpu.usage.percent use the default value: 90
2025-11-07 03:12:28,348 INFO  [main][com.baidu.openrasp.config.Config] cpu.usage.enable use the default value: false
2025-11-07 03:12:28,349 INFO  [main][com.baidu.openrasp.config.Config] cpu.usage.interval use the default value: 5
2025-11-07 03:12:28,349 INFO  [main][com.baidu.openrasp.config.Config] openrasp.ssl_verifypeer use the default value: false
2025-11-07 03:12:28,350 INFO  [main][com.baidu.openrasp.config.Config] file_monitor.mode use the default value: scan
2025-11-07 03:12:28,350 INFO  [main][com.baidu.openrasp.config.Config] file_monitor.interval use the default value: 3
2025-11-07 03:12:28,350 INFO  [main][com.baidu.openrasp.config.Config] iast.enable use the default value: false
2025-11-07 03:12:28,351 INFO  [main][com.baidu.openrasp.config.Config] lru.compare_enable use the default value: false
2025-11-07 03:12:28,352 INFO  [main][com.baidu.openrasp.config.Config] lru.compare_limit use the default value: 10240
2025-11-07 03:12:28,353 INFO  [main][com.baidu.openrasp.config.Config] response.sampler_interval use the default value: 60
2025-11-07 03:12:28,354 INFO  [main][com.baidu.openrasp.config.Config] response.sampler_burst use the default value: 5
2025-11-07 03:12:28,355 INFO  [main][com.baidu.openrasp.config.Config] baseDirectory: /home/enen/projects/bailianyingyong/chatbotAi/rasp
2025-11-07 03:12:28,819 INFO  [main][com.baidu.openrasp.transformer.CustomClassTransformer] ignore hook type http_output, class com.baidu.openrasp.hook.server.bes.BESHttpResponseHook
2025-11-07 03:12:28,826 INFO  [main][com.baidu.openrasp.transformer.CustomClassTransformer] ignore hook type http_output, class com.baidu.openrasp.hook.server.resin.ResinOutputCloseHook
2025-11-07 03:12:28,827 INFO  [main][com.baidu.openrasp.transformer.CustomClassTransformer] ignore hook type http_output, class com.baidu.openrasp.hook.server.websphere.WebsphereHttpOutputHook
2025-11-07 03:12:28,830 INFO  [main][com.baidu.openrasp.transformer.CustomClassTransformer] ignore hook type http_output, class com.baidu.openrasp.hook.server.tongweb7.Tongweb7OutputBufferHook
2025-11-07 03:12:28,832 INFO  [main][com.baidu.openrasp.transformer.CustomClassTransformer] ignore hook type http_output, class com.baidu.openrasp.hook.server.jetty.JettyHttpOutputHook
2025-11-07 03:12:28,833 INFO  [main][com.baidu.openrasp.transformer.CustomClassTransformer] ignore hook type http_output, class com.baidu.openrasp.hook.server.wildfly.UndertowOutputHook
2025-11-07 03:12:28,836 INFO  [main][com.baidu.openrasp.transformer.CustomClassTransformer] ignore hook type http_output, class com.baidu.openrasp.hook.server.weblogic.WeblogicHttpOutputHook
2025-11-07 03:12:28,839 INFO  [main][com.baidu.openrasp.transformer.CustomClassTransformer] ignore hook type http_output, class com.baidu.openrasp.hook.server.tongweb.TongwebHttpResponseHook
2025-11-07 03:12:28,840 INFO  [main][com.baidu.openrasp.transformer.CustomClassTransformer] ignore hook type http_output, class com.baidu.openrasp.hook.server.catalina.CatalinaOutputBufferHook
2025-11-07 03:12:29,278 INFO  [main][com.baidu.openrasp.hook.AbstractClassHook] insert before method java.net.InetAddress.getAllByName(java.lang.String)
2025-11-07 03:12:29,412 INFO  [main][com.baidu.openrasp.hook.AbstractClassHook] insert before method java.lang.ProcessImpl(byte[],byte[],int,byte[],int,byte[],int[],boolean,boolean)
2025-11-07 03:12:29,488 INFO  [main][com.baidu.openrasp.hook.AbstractClassHook] insert before method java.io.RandomAccessFile(java.io.File,java.lang.String)
2025-11-07 03:12:29,566 INFO  [main][com.baidu.openrasp.hook.AbstractClassHook] insert before method java.io.RandomAccessFile(java.io.File,java.lang.String)
2025-11-07 03:12:29,644 INFO  [main][com.baidu.openrasp.hook.AbstractClassHook] insert before method java.nio.file.Files.delete(java.nio.file.Path)
2025-11-07 03:12:29,660 INFO  [main][com.baidu.openrasp.hook.AbstractClassHook] insert before method java.nio.file.Files.deleteIfExists(java.nio.file.Path)
2025-11-07 03:12:29,714 INFO  [main][com.baidu.openrasp.hook.AbstractClassHook] insert before method java.nio.file.Files.createFile(java.nio.file.Path,java.nio.file.attribute.FileAttribute[])
2025-11-07 03:12:29,723 INFO  [main][com.baidu.openrasp.hook.AbstractClassHook] insert before method java.nio.file.Files.newOutputStream(java.nio.file.Path,java.nio.file.OpenOption[])
2025-11-07 03:12:29,756 INFO  [main][com.baidu.openrasp.hook.AbstractClassHook] insert before method java.nio.file.Files.readAllBytes(java.nio.file.Path)
2025-11-07 03:12:29,761 INFO  [main][com.baidu.openrasp.hook.AbstractClassHook] insert before method java.nio.file.Files.newInputStream(java.nio.file.Path,java.nio.file.OpenOption[])
2025-11-07 03:12:29,794 INFO  [main][com.baidu.openrasp.hook.AbstractClassHook] insert before method java.nio.file.Files.newDirectoryStream(java.nio.file.Path)
2025-11-07 03:12:29,822 INFO  [main][com.baidu.openrasp.hook.AbstractClassHook] insert before method java.nio.file.Files.copy(java.nio.file.Path,java.nio.file.Path,java.nio.file.CopyOption[])
2025-11-07 03:12:29,831 INFO  [main][com.baidu.openrasp.hook.AbstractClassHook] insert before method java.nio.file.Files.move(java.nio.file.Path,java.nio.file.Path,java.nio.file.CopyOption[])
2025-11-07 03:12:29,838 INFO  [main][com.baidu.openrasp.hook.AbstractClassHook] insert before method java.nio.file.Files.createLink(java.nio.file.Path,java.nio.file.Path)
2025-11-07 03:12:29,911 INFO  [main][com.baidu.openrasp.hook.AbstractClassHook] insert before method java.io.File.renameTo(java.io.File)
2025-11-07 03:12:29,942 INFO  [main][com.baidu.openrasp.hook.AbstractClassHook] insert before method java.io.File.delete()
2025-11-07 03:12:29,981 INFO  [main][com.baidu.openrasp.hook.AbstractClassHook] insert before method java.io.File.list()
2025-11-07 03:12:30,097 INFO  [main][com.baidu.openrasp.hook.AbstractClassHook] insert before method java.io.FileOutputStream(java.io.File,boolean)
2025-11-07 03:12:30,193 INFO  [main][com.baidu.openrasp.hook.AbstractClassHook] insert before method java.io.FileInputStream(java.io.File)
2025-11-07 03:12:30,312 INFO  [main][com.baidu.openrasp.EngineBoot] [OpenRASP] Engine Initialized [1.3.7 (build: GitCommit=97839b3 date=2023-03-31T08:56:34Z)]
2025-11-07 03:12:53,955 INFO  [main][com.baidu.openrasp.hook.AbstractClassHook] insert before method java.io.ObjectInputStream.resolveClass(java.io.ObjectStreamClass)
2025-11-07 03:12:55,949 INFO  [main][com.baidu.openrasp.HookHandler] detect server: tomcat/10.1.31.0
2025-11-07 03:12:55,970 INFO  [main][com.baidu.openrasp.HookHandler] detect server class: org/apache/catalina/Server
2025-11-07 03:12:56,660 INFO  [OpenRASP Register Thread][com.baidu.openrasp.hook.AbstractClassHook] insert after method: sun.net.www.protocol.http.HttpURLConnection.followRedirect()
2025-11-07 03:12:56,751 INFO  [OpenRASP Register Thread][com.baidu.openrasp.hook.AbstractClassHook] insert before method sun.net.www.protocol.http.HttpURLConnection.getInputStream()
2025-11-07 03:12:56,784 INFO  [OpenRASP Register Thread][com.baidu.openrasp.hook.AbstractClassHook] insert after method: sun.net.www.protocol.http.HttpURLConnection.getInputStream()
2025-11-07 03:12:57,194 INFO  [main][com.baidu.openrasp.hook.AbstractClassHook] insert before method org.apache.coyote.Response.doWrite(java.nio.ByteBuffer)
2025-11-07 03:12:57,358 WARN  [OpenRASP Register Thread][com.baidu.openrasp.messaging.LogTool] [E20008] 20008:Cloud Control Registered Failed, Status Code: 200 Description: Bad X-OpenRASP-AppSecret value, authentication failed: 
2025-11-07 03:12:58,098 INFO  [main][com.baidu.openrasp.hook.AbstractClassHook] insert before method org.apache.catalina.connector.CoyoteAdapter.service(org.apache.coyote.Request,org.apache.coyote.Response)
2025-11-07 03:12:59,450 INFO  [main][com.baidu.openrasp.hook.AbstractClassHook] insert before method com.mysql.cj.jdbc.NonRegisteringDriver.connect(java.lang.String,java.util.Properties)
2025-11-07 03:12:59,488 INFO  [main][com.baidu.openrasp.hook.AbstractClassHook] insert after method: com.mysql.cj.jdbc.NonRegisteringDriver.connect(java.lang.String,java.util.Properties)
2025-11-07 03:12:59,513 INFO  [main][com.baidu.openrasp.hook.AbstractClassHook] insert after method: com.mysql.cj.jdbc.NonRegisteringDriver.connect(java.lang.String,java.util.Properties)
2025-11-07 03:13:05,578 INFO  [main][com.baidu.openrasp.hook.AbstractClassHook] insert before method com.mysql.cj.jdbc.ConnectionImpl.prepareStatement(java.lang.String,int,int)
2025-11-07 03:13:05,594 INFO  [main][com.baidu.openrasp.HookHandler] add catch to method: com.mysql.cj.jdbc.ConnectionImpl.prepareStatement(java.lang.String,int,int)
2025-11-07 03:13:05,605 INFO  [main][com.baidu.openrasp.hook.AbstractClassHook] insert before method com.mysql.cj.jdbc.ConnectionImpl.prepareCall(java.lang.String,int,int)
2025-11-07 03:13:05,612 INFO  [main][com.baidu.openrasp.HookHandler] add catch to method: com.mysql.cj.jdbc.ConnectionImpl.prepareCall(java.lang.String,int,int)
2025-11-07 03:13:05,838 INFO  [main][com.baidu.openrasp.hook.AbstractClassHook] insert before method com.mysql.cj.jdbc.StatementImpl.execute(java.lang.String)
2025-11-07 03:13:05,842 INFO  [main][com.baidu.openrasp.hook.AbstractClassHook] insert before method com.mysql.cj.jdbc.StatementImpl.execute(java.lang.String,int)
2025-11-07 03:13:05,847 INFO  [main][com.baidu.openrasp.hook.AbstractClassHook] insert before method com.mysql.cj.jdbc.StatementImpl.execute(java.lang.String,int[])
2025-11-07 03:13:05,854 INFO  [main][com.baidu.openrasp.hook.AbstractClassHook] insert before method com.mysql.cj.jdbc.StatementImpl.execute(java.lang.String,java.lang.String[])
2025-11-07 03:13:05,860 INFO  [main][com.baidu.openrasp.hook.AbstractClassHook] insert before method com.mysql.cj.jdbc.StatementImpl.executeUpdate(java.lang.String)
2025-11-07 03:13:05,865 INFO  [main][com.baidu.openrasp.hook.AbstractClassHook] insert before method com.mysql.cj.jdbc.StatementImpl.executeUpdate(java.lang.String,int)
2025-11-07 03:13:05,869 INFO  [main][com.baidu.openrasp.hook.AbstractClassHook] insert before method com.mysql.cj.jdbc.StatementImpl.executeUpdate(java.lang.String,int[])
2025-11-07 03:13:05,872 INFO  [main][com.baidu.openrasp.hook.AbstractClassHook] insert before method com.mysql.cj.jdbc.StatementImpl.executeUpdate(java.lang.String,java.lang.String[])
2025-11-07 03:13:05,893 INFO  [main][com.baidu.openrasp.hook.AbstractClassHook] insert before method com.mysql.cj.jdbc.StatementImpl.executeQuery(java.lang.String)
2025-11-07 03:13:05,899 INFO  [main][com.baidu.openrasp.hook.AbstractClassHook] insert before method com.mysql.cj.jdbc.StatementImpl.addBatch(java.lang.String)
2025-11-07 03:13:05,905 INFO  [main][com.baidu.openrasp.HookHandler] add catch to method: com.mysql.cj.jdbc.StatementImpl.execute(java.lang.String)
2025-11-07 03:13:05,908 INFO  [main][com.baidu.openrasp.HookHandler] add catch to method: com.mysql.cj.jdbc.StatementImpl.execute(java.lang.String,int)
2025-11-07 03:13:05,911 INFO  [main][com.baidu.openrasp.HookHandler] add catch to method: com.mysql.cj.jdbc.StatementImpl.execute(java.lang.String,int[])
2025-11-07 03:13:05,918 INFO  [main][com.baidu.openrasp.HookHandler] add catch to method: com.mysql.cj.jdbc.StatementImpl.execute(java.lang.String,java.lang.String[])
2025-11-07 03:13:05,922 INFO  [main][com.baidu.openrasp.HookHandler] add catch to method: com.mysql.cj.jdbc.StatementImpl.executeUpdate(java.lang.String)
2025-11-07 03:13:05,928 INFO  [main][com.baidu.openrasp.HookHandler] add catch to method: com.mysql.cj.jdbc.StatementImpl.executeUpdate(java.lang.String,int)
2025-11-07 03:13:05,933 INFO  [main][com.baidu.openrasp.HookHandler] add catch to method: com.mysql.cj.jdbc.StatementImpl.executeUpdate(java.lang.String,int[])
2025-11-07 03:13:05,937 INFO  [main][com.baidu.openrasp.HookHandler] add catch to method: com.mysql.cj.jdbc.StatementImpl.executeUpdate(java.lang.String,java.lang.String[])
2025-11-07 03:13:05,950 INFO  [main][com.baidu.openrasp.HookHandler] add catch to method: com.mysql.cj.jdbc.StatementImpl.executeQuery(java.lang.String)
2025-11-07 03:13:05,959 INFO  [main][com.baidu.openrasp.HookHandler] add catch to method: com.mysql.cj.jdbc.StatementImpl.addBatch(java.lang.String)
2025-11-07 03:13:27,244 INFO  [main][com.baidu.openrasp.hook.AbstractClassHook] insert before method com.sun.xml.internal.stream.XMLInputFactoryImpl.createXMLStreamReader(java.io.InputStream)
2025-11-07 03:13:27,255 INFO  [main][com.baidu.openrasp.hook.AbstractClassHook] insert before method com.sun.xml.internal.stream.XMLInputFactoryImpl.createXMLStreamReader(java.io.Reader)
2025-11-07 03:13:27,265 INFO  [main][com.baidu.openrasp.hook.AbstractClassHook] insert before method com.sun.xml.internal.stream.XMLInputFactoryImpl.createXMLStreamReader(java.lang.String,java.io.Reader)
2025-11-07 03:13:27,270 INFO  [main][com.baidu.openrasp.hook.AbstractClassHook] insert before method com.sun.xml.internal.stream.XMLInputFactoryImpl.createXMLStreamReader(javax.xml.transform.Source)
2025-11-07 03:13:27,275 INFO  [main][com.baidu.openrasp.hook.AbstractClassHook] insert before method com.sun.xml.internal.stream.XMLInputFactoryImpl.createXMLStreamReader(java.lang.String,java.io.InputStream)
2025-11-07 03:13:27,283 INFO  [main][com.baidu.openrasp.hook.AbstractClassHook] insert before method com.sun.xml.internal.stream.XMLInputFactoryImpl.createXMLStreamReader(java.io.InputStream,java.lang.String)
2025-11-07 03:13:27,292 INFO  [main][com.baidu.openrasp.hook.AbstractClassHook] insert before method com.sun.xml.internal.stream.XMLInputFactoryImpl.createXMLEventReader(java.io.InputStream)
2025-11-07 03:13:27,299 INFO  [main][com.baidu.openrasp.hook.AbstractClassHook] insert before method com.sun.xml.internal.stream.XMLInputFactoryImpl.createXMLEventReader(java.io.Reader)
2025-11-07 03:13:27,304 INFO  [main][com.baidu.openrasp.hook.AbstractClassHook] insert before method com.sun.xml.internal.stream.XMLInputFactoryImpl.createXMLEventReader(javax.xml.transform.Source)
2025-11-07 03:13:27,310 INFO  [main][com.baidu.openrasp.hook.AbstractClassHook] insert before method com.sun.xml.internal.stream.XMLInputFactoryImpl.createXMLEventReader(java.lang.String,java.io.InputStream)
2025-11-07 03:13:27,316 INFO  [main][com.baidu.openrasp.hook.AbstractClassHook] insert before method com.sun.xml.internal.stream.XMLInputFactoryImpl.createXMLEventReader(java.io.InputStream,java.lang.String)
2025-11-07 03:13:27,321 INFO  [main][com.baidu.openrasp.hook.AbstractClassHook] insert before method com.sun.xml.internal.stream.XMLInputFactoryImpl.createXMLEventReader(java.lang.String,java.io.Reader)
2025-11-07 03:13:27,327 INFO  [main][com.baidu.openrasp.hook.AbstractClassHook] insert before method com.sun.xml.internal.stream.XMLInputFactoryImpl.createXMLEventReader(javax.xml.stream.XMLStreamReader)
2025-11-07 03:17:27,285 INFO  [main][com.baidu.openrasp.config.Config] plugin.timeout.millis use the default value: 100
2025-11-07 03:17:27,286 INFO  [main][com.baidu.openrasp.config.Config] hooks.ignore: http_output
2025-11-07 03:17:27,287 INFO  [main][com.baidu.openrasp.config.Config] inject.urlprefix use the default value: 
2025-11-07 03:17:27,287 INFO  [main][com.baidu.openrasp.config.Config] request.param_encoding use the default value: 
2025-11-07 03:17:27,287 INFO  [main][com.baidu.openrasp.config.Config] body.maxbytes use the default value: 12288
2025-11-07 03:17:27,287 INFO  [main][com.baidu.openrasp.config.Config] log.maxbackup use the default value: 30
2025-11-07 03:17:27,287 INFO  [main][com.baidu.openrasp.config.Config] plugin.maxstack use the default value: 100
2025-11-07 03:17:27,292 INFO  [main][com.baidu.openrasp.config.Config] lru.max_size use the default value: 1024
2025-11-07 03:17:27,292 INFO  [main][com.baidu.openrasp.config.Config] plugin.filter use the default value: true
2025-11-07 03:17:27,293 INFO  [main][com.baidu.openrasp.config.Config] ognl.expression.minlength use the default value: 30
2025-11-07 03:17:27,293 INFO  [main][com.baidu.openrasp.config.Config] sql.slowquery.min_rows use the default value: 500
2025-11-07 03:17:27,293 INFO  [main][com.baidu.openrasp.config.Config] block.status_code use the default value: 302
2025-11-07 03:17:27,293 INFO  [main][com.baidu.openrasp.config.Config] debug.level use the default value: 0
2025-11-07 03:17:27,294 INFO  [main][com.baidu.openrasp.config.Config] clientip.header use the default value: ClientIP
2025-11-07 03:17:27,294 INFO  [main][com.baidu.openrasp.config.Config] block.redirect_url use the default value: https://rasp.baidu.com/blocked/?request_id=%request_id%
2025-11-07 03:17:27,294 INFO  [main][com.baidu.openrasp.config.Config] block.content_json use the default value: {"error":true, "reason": "Request blocked by OpenRASP", "request_id": "%request_id%"}
2025-11-07 03:17:27,294 INFO  [main][com.baidu.openrasp.config.Config] block.content_xml use the default value: <?xml version="1.0"?><doc><error>true</error><reason>Request blocked by OpenRASP</reason><request_id>%request_id%</request_id></doc>
2025-11-07 03:17:27,294 INFO  [main][com.baidu.openrasp.config.Config] block.content_html use the default value: </script><script>location.href="https://rasp.baidu.com/blocked2/?request_id=%request_id%"</script>
2025-11-07 03:17:27,295 INFO  [main][com.baidu.openrasp.config.Config] cloud.enable: true
2025-11-07 03:17:27,295 INFO  [main][com.baidu.openrasp.config.Config] cloud.backend_url: http://192.168.203.141:8086
2025-11-07 03:17:27,295 INFO  [main][com.baidu.openrasp.config.Config] cloud.app_id: 0c91b98f2aa79983228f10fc37725da726bd31d6
2025-11-07 03:17:27,295 INFO  [main][com.baidu.openrasp.config.Config] cloud.app_secret: O3HUqrDFqauBGqsHhkp0yxyMc87lU83NuIGxQBoStIU
2025-11-07 03:17:27,296 INFO  [main][com.baidu.openrasp.config.Config] rasp.id use the default value: 
2025-11-07 03:17:27,296 INFO  [main][com.baidu.openrasp.config.Config] syslog.enable use the default value: false
2025-11-07 03:17:27,296 INFO  [main][com.baidu.openrasp.config.Config] syslog.url use the default value: 
2025-11-07 03:17:27,296 INFO  [main][com.baidu.openrasp.config.Config] syslog.tag use the default value: OPENRASP
2025-11-07 03:17:27,297 INFO  [main][com.baidu.openrasp.config.Config] syslog.facility use the default value: 1
2025-11-07 03:17:27,297 INFO  [main][com.baidu.openrasp.config.Config] syslog.reconnect_interval use the default value: 300000
2025-11-07 03:17:27,297 INFO  [main][com.baidu.openrasp.config.Config] log.maxburst use the default value: 100
2025-11-07 03:17:27,298 INFO  [main][com.baidu.openrasp.config.Config] cloud.heartbeat_interval use the default value: 90
2025-11-07 03:17:27,303 INFO  [main][com.baidu.openrasp.config.Config] hook.white use the default value: {}
2025-11-07 03:17:27,304 INFO  [main][com.baidu.openrasp.config.Config] hook.white.ALL use the default value: true
2025-11-07 03:17:27,304 INFO  [main][com.baidu.openrasp.config.Config] decompile.enable use the default value: false
2025-11-07 03:17:27,306 INFO  [main][com.baidu.openrasp.config.Config] inject.custom_headers: {X-Protected-By=OpenRASP}
2025-11-07 03:17:27,307 INFO  [main][com.baidu.openrasp.config.Config] dependency_check.interval use the default value: 21600
2025-11-07 03:17:27,307 INFO  [main][com.baidu.openrasp.config.Config] dependency_check.enable use the default value: false
2025-11-07 03:17:27,316 INFO  [main][com.baidu.openrasp.config.Config] security.weak_passwords use the default value: [111111, 123, 123123, 123456, 123456a, a123456, admin, both, manager, mysql, root, rootweblogic, tomcat, user, weblogic1, weblogic123, welcome1]
2025-11-07 03:17:27,316 INFO  [main][com.baidu.openrasp.config.Config] cpu.usage.percent use the default value: 90
2025-11-07 03:17:27,431 INFO  [main][com.baidu.openrasp.config.Config] cpu.usage.enable use the default value: false
2025-11-07 03:17:27,431 INFO  [main][com.baidu.openrasp.config.Config] cpu.usage.interval use the default value: 5
2025-11-07 03:17:27,432 INFO  [main][com.baidu.openrasp.config.Config] openrasp.ssl_verifypeer use the default value: false
2025-11-07 03:17:27,432 INFO  [main][com.baidu.openrasp.config.Config] file_monitor.mode use the default value: scan
2025-11-07 03:17:27,432 INFO  [main][com.baidu.openrasp.config.Config] file_monitor.interval use the default value: 3
2025-11-07 03:17:27,432 INFO  [main][com.baidu.openrasp.config.Config] iast.enable use the default value: false
2025-11-07 03:17:27,433 INFO  [main][com.baidu.openrasp.config.Config] lru.compare_enable use the default value: false
2025-11-07 03:17:27,434 INFO  [main][com.baidu.openrasp.config.Config] lru.compare_limit use the default value: 10240
2025-11-07 03:17:27,434 INFO  [main][com.baidu.openrasp.config.Config] response.sampler_interval use the default value: 60
2025-11-07 03:17:27,435 INFO  [main][com.baidu.openrasp.config.Config] response.sampler_burst use the default value: 5
2025-11-07 03:17:27,435 INFO  [main][com.baidu.openrasp.config.Config] baseDirectory: /home/enen/projects/bailianyingyong/chatbotAi/rasp
2025-11-07 03:17:27,895 INFO  [main][com.baidu.openrasp.transformer.CustomClassTransformer] ignore hook type http_output, class com.baidu.openrasp.hook.server.bes.BESHttpResponseHook
2025-11-07 03:17:27,899 INFO  [main][com.baidu.openrasp.transformer.CustomClassTransformer] ignore hook type http_output, class com.baidu.openrasp.hook.server.resin.ResinOutputCloseHook
2025-11-07 03:17:27,900 INFO  [main][com.baidu.openrasp.transformer.CustomClassTransformer] ignore hook type http_output, class com.baidu.openrasp.hook.server.websphere.WebsphereHttpOutputHook
2025-11-07 03:17:27,903 INFO  [main][com.baidu.openrasp.transformer.CustomClassTransformer] ignore hook type http_output, class com.baidu.openrasp.hook.server.tongweb7.Tongweb7OutputBufferHook
2025-11-07 03:17:27,907 INFO  [main][com.baidu.openrasp.transformer.CustomClassTransformer] ignore hook type http_output, class com.baidu.openrasp.hook.server.jetty.JettyHttpOutputHook
2025-11-07 03:17:27,909 INFO  [main][com.baidu.openrasp.transformer.CustomClassTransformer] ignore hook type http_output, class com.baidu.openrasp.hook.server.wildfly.UndertowOutputHook
2025-11-07 03:17:27,910 INFO  [main][com.baidu.openrasp.transformer.CustomClassTransformer] ignore hook type http_output, class com.baidu.openrasp.hook.server.weblogic.WeblogicHttpOutputHook
2025-11-07 03:17:27,912 INFO  [main][com.baidu.openrasp.transformer.CustomClassTransformer] ignore hook type http_output, class com.baidu.openrasp.hook.server.tongweb.TongwebHttpResponseHook
2025-11-07 03:17:27,913 INFO  [main][com.baidu.openrasp.transformer.CustomClassTransformer] ignore hook type http_output, class com.baidu.openrasp.hook.server.catalina.CatalinaOutputBufferHook
2025-11-07 03:17:28,427 INFO  [main][com.baidu.openrasp.hook.AbstractClassHook] insert before method java.net.InetAddress.getAllByName(java.lang.String)
2025-11-07 03:17:28,629 INFO  [main][com.baidu.openrasp.hook.AbstractClassHook] insert before method java.lang.ProcessImpl(byte[],byte[],int,byte[],int,byte[],int[],boolean,boolean)
2025-11-07 03:17:28,765 INFO  [main][com.baidu.openrasp.hook.AbstractClassHook] insert before method java.io.RandomAccessFile(java.io.File,java.lang.String)
2025-11-07 03:17:28,846 INFO  [main][com.baidu.openrasp.hook.AbstractClassHook] insert before method java.io.RandomAccessFile(java.io.File,java.lang.String)
2025-11-07 03:17:28,907 INFO  [main][com.baidu.openrasp.hook.AbstractClassHook] insert before method java.nio.file.Files.delete(java.nio.file.Path)
2025-11-07 03:17:28,916 INFO  [main][com.baidu.openrasp.hook.AbstractClassHook] insert before method java.nio.file.Files.deleteIfExists(java.nio.file.Path)
2025-11-07 03:17:28,947 INFO  [main][com.baidu.openrasp.hook.AbstractClassHook] insert before method java.nio.file.Files.createFile(java.nio.file.Path,java.nio.file.attribute.FileAttribute[])
2025-11-07 03:17:28,955 INFO  [main][com.baidu.openrasp.hook.AbstractClassHook] insert before method java.nio.file.Files.newOutputStream(java.nio.file.Path,java.nio.file.OpenOption[])
2025-11-07 03:17:29,018 INFO  [main][com.baidu.openrasp.hook.AbstractClassHook] insert before method java.nio.file.Files.readAllBytes(java.nio.file.Path)
2025-11-07 03:17:29,023 INFO  [main][com.baidu.openrasp.hook.AbstractClassHook] insert before method java.nio.file.Files.newInputStream(java.nio.file.Path,java.nio.file.OpenOption[])
2025-11-07 03:17:29,056 INFO  [main][com.baidu.openrasp.hook.AbstractClassHook] insert before method java.nio.file.Files.newDirectoryStream(java.nio.file.Path)
2025-11-07 03:17:29,097 INFO  [main][com.baidu.openrasp.hook.AbstractClassHook] insert before method java.nio.file.Files.copy(java.nio.file.Path,java.nio.file.Path,java.nio.file.CopyOption[])
2025-11-07 03:17:29,111 INFO  [main][com.baidu.openrasp.hook.AbstractClassHook] insert before method java.nio.file.Files.move(java.nio.file.Path,java.nio.file.Path,java.nio.file.CopyOption[])
2025-11-07 03:17:29,127 INFO  [main][com.baidu.openrasp.hook.AbstractClassHook] insert before method java.nio.file.Files.createLink(java.nio.file.Path,java.nio.file.Path)
2025-11-07 03:17:29,237 INFO  [main][com.baidu.openrasp.hook.AbstractClassHook] insert before method java.io.File.renameTo(java.io.File)
2025-11-07 03:17:29,294 INFO  [main][com.baidu.openrasp.hook.AbstractClassHook] insert before method java.io.File.delete()
2025-11-07 03:17:29,339 INFO  [main][com.baidu.openrasp.hook.AbstractClassHook] insert before method java.io.File.list()
2025-11-07 03:17:29,422 INFO  [main][com.baidu.openrasp.hook.AbstractClassHook] insert before method java.io.FileOutputStream(java.io.File,boolean)
2025-11-07 03:17:29,516 INFO  [main][com.baidu.openrasp.hook.AbstractClassHook] insert before method java.io.FileInputStream(java.io.File)
2025-11-07 03:17:29,637 INFO  [main][com.baidu.openrasp.EngineBoot] [OpenRASP] Engine Initialized [1.3.7 (build: GitCommit=97839b3 date=2023-03-31T08:56:34Z)]
2025-11-07 03:17:56,880 INFO  [main][com.baidu.openrasp.hook.AbstractClassHook] insert before method java.io.ObjectInputStream.resolveClass(java.io.ObjectStreamClass)
2025-11-07 03:17:58,734 INFO  [main][com.baidu.openrasp.HookHandler] detect server: tomcat/10.1.31.0
2025-11-07 03:17:58,749 INFO  [main][com.baidu.openrasp.HookHandler] detect server class: org/apache/catalina/Server
2025-11-07 03:17:59,345 INFO  [OpenRASP Register Thread][com.baidu.openrasp.hook.AbstractClassHook] insert after method: sun.net.www.protocol.http.HttpURLConnection.followRedirect()
2025-11-07 03:17:59,417 INFO  [main][com.baidu.openrasp.hook.AbstractClassHook] insert before method org.apache.coyote.Response.doWrite(java.nio.ByteBuffer)
2025-11-07 03:17:59,436 INFO  [OpenRASP Register Thread][com.baidu.openrasp.hook.AbstractClassHook] insert before method sun.net.www.protocol.http.HttpURLConnection.getInputStream()
2025-11-07 03:17:59,458 INFO  [OpenRASP Register Thread][com.baidu.openrasp.hook.AbstractClassHook] insert after method: sun.net.www.protocol.http.HttpURLConnection.getInputStream()
2025-11-07 03:17:59,799 INFO  [OpenRASP Register Thread][com.baidu.openrasp.cloud.log] [OpenRASP] RASP agent successfully registered, registration details are as follows: 
{"rasp_home":"/home/enen/projects/bailianyingyong/chatbotAi/rasp","hostname":"enen","os":"Linux","language":"java","id":"c31d72c38cdff7a634259d4bf9da5a60","language_version":"17.0.16","register_ip":"192.168.203.141","server_version":"10.1.31.0","version":"1.3.7","heartbeat_interval":90,"server_type":"tomcat","environ":{"PATH":"/home/enen/.npm-global/bin:/usr/local/sbin:/usr/local/bin:/usr/sbin:/usr/bin:/sbin:/bin:/usr/games:/usr/local/games:/snap/bin:/usr/lib/go/bin:/home/enen/go","LESSCLOSE":"/usr/bin/lesspipe %s %s","XDG_DATA_DIRS":"/usr/local/share:/usr/share:/var/lib/snapd/desktop","TERM":"xterm","DBUS_SESSION_BUS_ADDRESS":"unix:path\u003d/run/user/1000/bus","LANG":"en_US.UTF-8","XDG_SESSION_ID":"311","XDG_SESSION_TYPE":"tty","MAVEN_OPTS":"-javaagent:/home/enen/openrasp/rasp-2023-03-31/rasp/rasp.jar --add-opens\u003djava.base/jdk.internal.loader\u003dALL-UNNAMED --add-opens\u003djava.base/java.net\u003dALL-UNNAMED --add-opens\u003djava.base/java.lang\u003dALL-UNNAMED --add-opens\u003djava.base/java.util\u003dALL-UNNAMED","GOPROXY":"https://goproxy.cn,direct","DISPLAY":"localhost:11.0","LOGNAME":"enen","PWD":"/home/enen/projects/bailianyingyong/chatbotAi","_":"/usr/bin/java","XDG_SESSION_CLASS":"user","LESSOPEN":"| /usr/bin/lesspipe %s","SHELL":"/bin/bash","SSH_TTY":"/dev/pts/4","SSH_CLIENT":"192.168.203.1 58115 22","GOPATH":"/home/enen/go","OLDPWD":"/home/enen/projects/bailianyingyong/chatbotAi/src","USER":"enen","GOROOT":"/usr/lib/go","GO111MODULE":"on","SSH_CONNECTION":"192.168.203.1 58115 192.168.203.141 22","XDG_RUNTIME_DIR":"/run/user/1000","LS_COLORS":"rs\u003d0:di\u003d01;34:ln\u003d01;36:mh\u003d00:pi\u003d40;33:so\u003d01;35:do\u003d01;35:bd\u003d40;33;01:cd\u003d40;33;01:or\u003d40;31;01:mi\u003d00:su\u003d37;41:sg\u003d30;43:ca\u003d00:tw\u003d30;42:ow\u003d34;42:st\u003d37;44:ex\u003d01;32:*.tar\u003d01;31:*.tgz\u003d01;31:*.arc\u003d01;31:*.arj\u003d01;31:*.taz\u003d01;31:*.lha\u003d01;31:*.lz4\u003d01;31:*.lzh\u003d01;31:*.lzma\u003d01;31:*.tlz\u003d01;31:*.txz\u003d01;31:*.tzo\u003d01;31:*.t7z\u003d01;31:*.zip\u003d01;31:*.z\u003d01;31:*.dz\u003d01;31:*.gz\u003d01;31:*.lrz\u003d01;31:*.lz\u003d01;31:*.lzo\u003d01;31:*.xz\u003d01;31:*.zst\u003d01;31:*.tzst\u003d01;31:*.bz2\u003d01;31:*.bz\u003d01;31:*.tbz\u003d01;31:*.tbz2\u003d01;31:*.tz\u003d01;31:*.deb\u003d01;31:*.rpm\u003d01;31:*.jar\u003d01;31:*.war\u003d01;31:*.ear\u003d01;31:*.sar\u003d01;31:*.rar\u003d01;31:*.alz\u003d01;31:*.ace\u003d01;31:*.zoo\u003d01;31:*.cpio\u003d01;31:*.7z\u003d01;31:*.rz\u003d01;31:*.cab\u003d01;31:*.wim\u003d01;31:*.swm\u003d01;31:*.dwm\u003d01;31:*.esd\u003d01;31:*.avif\u003d01;35:*.jpg\u003d01;35:*.jpeg\u003d01;35:*.mjpg\u003d01;35:*.mjpeg\u003d01;35:*.gif\u003d01;35:*.bmp\u003d01;35:*.pbm\u003d01;35:*.pgm\u003d01;35:*.ppm\u003d01;35:*.tga\u003d01;35:*.xbm\u003d01;35:*.xpm\u003d01;35:*.tif\u003d01;35:*.tiff\u003d01;35:*.png\u003d01;35:*.svg\u003d01;35:*.svgz\u003d01;35:*.mng\u003d01;35:*.pcx\u003d01;35:*.mov\u003d01;35:*.mpg\u003d01;35:*.mpeg\u003d01;35:*.m2v\u003d01;35:*.mkv\u003d01;35:*.webm\u003d01;35:*.webp\u003d01;35:*.ogm\u003d01;35:*.mp4\u003d01;35:*.m4v\u003d01;35:*.mp4v\u003d01;35:*.vob\u003d01;35:*.qt\u003d01;35:*.nuv\u003d01;35:*.wmv\u003d01;35:*.asf\u003d01;35:*.rm\u003d01;35:*.rmvb\u003d01;35:*.flc\u003d01;35:*.avi\u003d01;35:*.fli\u003d01;35:*.flv\u003d01;35:*.gl\u003d01;35:*.dl\u003d01;35:*.xcf\u003d01;35:*.xwd\u003d01;35:*.yuv\u003d01;35:*.cgm\u003d01;35:*.emf\u003d01;35:*.ogv\u003d01;35:*.ogx\u003d01;35:*.aac\u003d00;36:*.au\u003d00;36:*.flac\u003d00;36:*.m4a\u003d00;36:*.mid\u003d00;36:*.midi\u003d00;36:*.mka\u003d00;36:*.mp3\u003d00;36:*.mpc\u003d00;36:*.ogg\u003d00;36:*.ra\u003d00;36:*.wav\u003d00;36:*.oga\u003d00;36:*.opus\u003d00;36:*.spx\u003d00;36:*.xspf\u003d00;36:*~\u003d00;90:*#\u003d00;90:*.bak\u003d00;90:*.crdownload\u003d00;90:*.dpkg-dist\u003d00;90:*.dpkg-new\u003d00;90:*.dpkg-old\u003d00;90:*.dpkg-tmp\u003d00;90:*.old\u003d00;90:*.orig\u003d00;90:*.part\u003d00;90:*.rej\u003d00;90:*.rpmnew\u003d00;90:*.rpmorig\u003d00;90:*.rpmsave\u003d00;90:*.swp\u003d00;90:*.tmp\u003d00;90:*.ucf-dist\u003d00;90:*.ucf-new\u003d00;90:*.ucf-old\u003d00;90:","SHLVL":"1","HOME":"/home/enen"}}
2025-11-07 03:18:00,505 INFO  [OpenRASP Heartbeat Thread][com.baidu.openrasp.config.Config] plugin.maxstack: 100
2025-11-07 03:18:00,506 INFO  [OpenRASP Heartbeat Thread][com.baidu.openrasp.config.Config] block.redirect_url: https://rasp.baidu.com/blocked/?request_id=%request_id%
2025-11-07 03:18:00,510 INFO  [OpenRASP Heartbeat Thread][com.baidu.openrasp.config.Config] dependency_check.interval: 43200
2025-11-07 03:18:00,507 INFO  [main][com.baidu.openrasp.hook.AbstractClassHook] insert before method org.apache.catalina.connector.CoyoteAdapter.service(org.apache.coyote.Request,org.apache.coyote.Response)
2025-11-07 03:18:00,521 INFO  [OpenRASP Heartbeat Thread][com.baidu.openrasp.config.Config] hook.white: {}
2025-11-07 03:18:00,521 INFO  [OpenRASP Heartbeat Thread][com.baidu.openrasp.config.Config] plugin.filter: true
2025-11-07 03:18:00,521 INFO  [OpenRASP Heartbeat Thread][com.baidu.openrasp.config.Config] debug.level: 0
2025-11-07 03:18:00,522 INFO  [OpenRASP Heartbeat Thread][com.baidu.openrasp.config.Config] block.content_json: {"error":true,"reason": "Request blocked by OpenRASP","request_id": "%request_id%"}
2025-11-07 03:18:00,522 INFO  [OpenRASP Heartbeat Thread][com.baidu.openrasp.config.Config] decompile.enable: false
2025-11-07 03:18:00,522 INFO  [OpenRASP Heartbeat Thread][com.baidu.openrasp.config.Config] response.sampler_burst: 5
2025-11-07 03:18:00,522 INFO  [OpenRASP Heartbeat Thread][com.baidu.openrasp.config.Config] syslog.facility: 1
2025-11-07 03:18:00,522 INFO  [OpenRASP Heartbeat Thread][com.baidu.openrasp.config.Config] syslog.tag: OpenRASP
2025-11-07 03:18:00,522 INFO  [OpenRASP Heartbeat Thread][com.baidu.openrasp.config.Config] block.content_xml: <?xml version="1.0"?><doc><error>true</error><reason>Request blocked by OpenRASP</reason><request_id>%request_id%</request_id></doc>
2025-11-07 03:18:00,522 INFO  [OpenRASP Heartbeat Thread][com.baidu.openrasp.config.Config] lru.compare_enable: false
2025-11-07 03:18:00,538 INFO  [OpenRASP Heartbeat Thread][com.baidu.openrasp.config.Config] security.weak_passwords: [111111, 123, 123123, 123456, 123456a, a123456, admin, both, manager, mysql, root, rootweblogic, tomcat, user, weblogic1, weblogic123, welcome1]
2025-11-07 03:18:00,541 INFO  [OpenRASP Heartbeat Thread][com.baidu.openrasp.config.Config] syslog.url: 
2025-11-07 03:18:00,541 INFO  [OpenRASP Heartbeat Thread][com.baidu.openrasp.config.Config] body.maxbytes: 12288
2025-11-07 03:18:00,542 INFO  [OpenRASP Heartbeat Thread][com.baidu.openrasp.config.Config] cpu.usage.enable: false
2025-11-07 03:18:00,542 INFO  [OpenRASP Heartbeat Thread][com.baidu.openrasp.config.Config] ognl.expression.minlength: 30
2025-11-07 03:18:00,542 INFO  [OpenRASP Heartbeat Thread][com.baidu.openrasp.config.Config] log.maxburst: 100
2025-11-07 03:18:00,542 INFO  [OpenRASP Heartbeat Thread][com.baidu.openrasp.config.Config] log.maxbackup: 30
2025-11-07 03:18:00,542 INFO  [OpenRASP Heartbeat Thread][com.baidu.openrasp.config.Config] block.content_html: </script><script>location.href="https://rasp.baidu.com/blocked2/?request_id=%request_id%"</script>
2025-11-07 03:18:00,550 WARN  [OpenRASP Heartbeat Thread][com.baidu.openrasp.messaging.LogTool] [E20004] Unknown config key [fileleak_scan.interval] found in cloud configuration: 
2025-11-07 03:18:00,654 INFO  [OpenRASP Heartbeat Thread][com.baidu.openrasp.config.Config] cpu.usage.interval: 5
2025-11-07 03:18:00,655 INFO  [OpenRASP Heartbeat Thread][com.baidu.openrasp.config.Config] lru.compare_limit: 10240
2025-11-07 03:18:00,655 INFO  [OpenRASP Heartbeat Thread][com.baidu.openrasp.config.Config] lru.max_size: 1000
2025-11-07 03:18:00,657 INFO  [OpenRASP Heartbeat Thread][com.baidu.openrasp.config.Config] inject.custom_headers: {X-Protected-By=OpenRASP}
2025-11-07 03:18:00,660 INFO  [OpenRASP Heartbeat Thread][com.baidu.openrasp.config.Config] plugin.timeout.millis: 100
2025-11-07 03:18:00,663 WARN  [OpenRASP Heartbeat Thread][com.baidu.openrasp.messaging.LogTool] [E20004] Unknown config key [fileleak_scan.name] found in cloud configuration: 
2025-11-07 03:18:00,704 WARN  [OpenRASP Heartbeat Thread][com.baidu.openrasp.messaging.LogTool] [E20004] Unknown config key [log.maxstack] found in cloud configuration: 
2025-11-07 03:18:00,733 WARN  [OpenRASP Heartbeat Thread][com.baidu.openrasp.messaging.LogTool] [E20004] Unknown config key [fileleak_scan.limit] found in cloud configuration: 
2025-11-07 03:18:00,754 WARN  [OpenRASP Heartbeat Thread][com.baidu.openrasp.messaging.LogTool] [E20004] Unknown config key [offline_hosts.cleanup.interval] found in cloud configuration: 
2025-11-07 03:18:00,783 INFO  [OpenRASP Heartbeat Thread][com.baidu.openrasp.config.Config] request.param_encoding: 
2025-11-07 03:18:00,786 INFO  [OpenRASP Heartbeat Thread][com.baidu.openrasp.config.Config] cpu.usage.percent: 90
2025-11-07 03:18:00,787 INFO  [OpenRASP Heartbeat Thread][com.baidu.openrasp.config.Config] block.status_code: 302
2025-11-07 03:18:00,787 INFO  [OpenRASP Heartbeat Thread][com.baidu.openrasp.config.Config] clientip.header: ClientIP
2025-11-07 03:18:00,787 INFO  [OpenRASP Heartbeat Thread][com.baidu.openrasp.config.Config] response.sampler_interval: 60
2025-11-07 03:18:00,788 INFO  [OpenRASP Heartbeat Thread][com.baidu.openrasp.config.Config] syslog.enable: false
2025-11-07 03:18:00,967 WARN  [OpenRASP Heartbeat Thread][com.baidu.openrasp.config.Config] the value of sql_exception.mysql.error_code is null
2025-11-07 03:18:00,968 WARN  [OpenRASP Heartbeat Thread][com.baidu.openrasp.config.Config] the value of sql_exception.sqlite.error_code is null
2025-11-07 03:18:00,968 WARN  [OpenRASP Heartbeat Thread][com.baidu.openrasp.config.Config] the value of sql_exception.oracle.error_code is null
2025-11-07 03:18:00,973 WARN  [OpenRASP Heartbeat Thread][com.baidu.openrasp.config.Config] the value of sql_exception.db2.error_code is null
2025-11-07 03:18:00,974 INFO  [OpenRASP Heartbeat Thread][com.baidu.openrasp.config.Config] sql error codes: {oracle=[1756, 907, 19202, 20000, 1740, 29257, 920, 933, 911, 904], sqlite=[1], hsql=[-5590, -5584, -5583], mysql=[1105, 1367, 1064, 1062, 1060]}
2025-11-07 03:18:00,974 INFO  [OpenRASP Heartbeat Thread][com.baidu.openrasp.config.Config] sql error states: {db2=[42603], hsql=[42583, 42584, 42590]}
2025-11-07 03:18:00,977 WARN  [OpenRASP Heartbeat Thread][com.baidu.openrasp.config.Config] failed to get the log_regex.regex element from algorithm config
2025-11-07 03:18:00,984 INFO  [OpenRASP Heartbeat Thread][com.baidu.openrasp.config.Config] log_regex.regex: {}
2025-11-07 03:18:00,985 INFO  [OpenRASP Heartbeat Thread][com.baidu.openrasp.config.Config] algorithm.config: {"meta":{"all_log":true,"is_dev":false,"log_event":false,"schema_version":1},"sql_userinput":{"name":"算法1 - 用户输入匹配算法","action":"log","min_length":8,"pre_filter":"select|file|from|;","pre_enable":false,"anti_detect_filter":"add|all|alter|analyze|and|any|as|asc|avg|begin|between|by|case|create|count|delete|desc|do|dumpfile|else|elseif|end|exists|false|file|float|flush|follows|from|group|having|identified|if|in|insert|interval|into|join|last|like|limit|loop|not|null|on|or|order|procedure|regexp|return|rlike|select|then|true|union|update|values|xor","anti_detect_enable":true,"lcs_search":false,"allow_full":true},"sql_policy":{"name":"算法2 - 拦截异常SQL语句","action":"log","pre_filter":";|\\/\\*|(?:\\d{1,2}\\s*,\\s*){2}|(?:null\\s*,\\s*){2}|0x[\\da-f]{8}|\\W(information_schema|outfile|dumpfile|load_file|benchmark|pg_sleep|sleep|is_srvrolemember|updatexml|extractvalue|hex|char|chr|mid|ord|ascii|bin)\\W","feature":{"stacked_query":false,"no_hex":false,"version_comment":true,"function_blacklist":true,"function_count":false,"union_null":true,"into_outfile":true,"information_schema":false},"function_blacklist":{"load_file":true,"benchmark":true,"sleep":true,"pg_sleep":true,"is_srvrolemember":true,"updatexml":true,"extractvalue":true,"hex":false,"mid":false,"ord":false,"ascii":false,"bin":false},"function_count":{"chr":5,"char":5}},"sql_exception":{"name":"算法3 - 记录数据库异常","action":"log","reference":"https://rasp.baidu.com/doc/dev/official.html#sql-exception","mysql":{"error_code":[1060,1062,1064,1105,1367]},"pgsql":{"error_code":["42601","22P02"],"error_state":["42601","22P02"]},"sqlite":{"error_code":[1]},"oracle":{"error_code":[933,29257,20000,904,19202,1756,1740,920,907,911]},"hsql":{"error_code":[-5583,-5584,-5590],"error_state":["42583","42584","42590"]},"mssql":{"error_code":[105,245]},"db2":{"error_state":["42603"]}},"sql_regex":{"name":"算法4 - 正则表达式算法","action":"ignore","regex":"information_schema"},"ssrf_userinput":{"name":"算法1 - 用户输入匹配算法（支持 rebind 检测）","action":"log"},"ssrf_aws":{"name":"算法2 - 拦截 AWS/Aliyun/GCP metadata 访问","action":"log"},"ssrf_common":{"name":"算法3 - 拦截常见 dnslog 地址","action":"log"},"ssrf_obfuscate":{"name":"算法4 - 拦截混淆地址","action":"ignore"},"ssrf_protocol":{"name":"算法5 - 拦截 php:// 等异常协议","action":"log","protocols":["file","gopher","local_file","local-file","jar","netdoc","dict","php","phar","compress.zlib","compress.bzip2"]},"readFile_userinput":{"name":"算法1 - 用户输入匹配算法","action":"log","lcs_search":false},"readFile_userinput_http":{"name":"算法2 - 用户输入匹配算法 + http 协议","action":"log"},"readFile_userinput_unwanted":{"name":"算法3 - 拦截 php:// 等异常协议","action":"log"},"readFile_outsideWebroot":{"name":"算法4 - 禁止使用 ../../ 访问web目录以外的文件","action":"ignore","reference":"https://rasp.baidu.com/doc/dev/official.html#case-out-webroot"},"readFile_unwanted":{"name":"算法5 - 文件探针算法","action":"log"},"writeFile_NTFS":{"name":"算法1 - 拦截 NTFS ::$DATA 写入操作","action":"log"},"writeFile_script":{"name":"算法2 - 拦截 php/jsp 等脚本文件的写入操作","reference":"https://rasp.baidu.com/doc/dev/official.html#case-file-write","action":"log","userinput":true,"lcs_search":false},"writeFile_reflect":{"name":"算法3 - 拦截通过反射、反序列化执行的文件写入操作","action":"log"},"deleteFile_userinput":{"name":"算法1 - 用户输入匹配，禁止使用 ../ 删除文件","action":"log","lcs_search":false},"rename_webshell":{"name":"算法1 - 通过重命名方式获取 WebShell","action":"log"},"link_webshell":{"name":"算法1 - 通过链接方式获取 WebShell","action":"log"},"directory_userinput":{"name":"算法1 - 用户输入匹配算法","action":"log","lcs_search":false},"directory_reflect":{"name":"算法2 - 通过反射调用，查看目录内容","action":"log"},"directory_unwanted":{"name":"算法3 - 尝试查看敏感目录","action":"log"},"include_userinput":{"name":"算法1 - 用户输入匹配算法","action":"log","lcs_search":false},"include_protocol":{"name":"算法2 - 尝试包含 jar:// 等异常协议","action":"log","protocols":["file","gopher","jar","netdoc","http","https","dict","php","compress.zlib","compress.bzip2","zip","rar"]},"xxe_disable_entity":{"name":"算法1 - 禁止外部实体加载（记录日志等同于完全忽略）","action":"ignore","clazz":{"java_dom":true,"java_dom4j":true,"java_jdom":true,"java_sax":true,"java_stax":true}},"xxe_protocol":{"name":"算法2 - 使用 ftp:// 等异常协议加载外部实体","action":"log","protocols":["ftp","dict","gopher","netdoc","mailto"]},"xxe_file":{"name":"算法3 - 使用 file:// 协议读取文件","reference":"https://rasp.baidu.com/doc/dev/official.html#case-xxe","action":"log"},"fileUpload_webdav":{"name":"算法1 - MOVE 方式上传脚本文件","action":"log"},"fileUpload_multipart_script":{"name":"算法2 - Multipart 方式上传 PHP/JSP 等脚本文件","action":"log"},"fileUpload_multipart_html":{"name":"算法3 - Multipart 方式上传 HTML/JS 等文件","action":"ignore"},"fileUpload_multipart_exe":{"name":"算法3 - Multipart 方式上传 DLL/EXE 等文件","action":"ignore"},"ognl_blacklist":{"name":"算法1 - OGNL语句黑名单","action":"log","expression":["ognl.OgnlContext","ognl.TypeConverter","ognl.MemberAccess","_memberAccess","ognl.ClassResolver","java.lang.Runtime","java.lang.Class","java.lang.ClassLoader","java.lang.System","java.lang.ProcessBuilder","java.lang.Object","java.lang.Shutdown","java.io.File","javax.script.ScriptEngineManager","com.opensymphony.xwork2.ActionContext"]},"command_reflect":{"name":"算法1 - 通过反射执行命令，比如反序列化、加密后门","action":"log"},"command_userinput":{"name":"算法2 - 用户输入匹配算法，包括命令注入检测","action":"log","min_length":2,"java_unexploitable_filter":true},"command_common":{"name":"算法3 - 识别常用渗透命令（探针）","action":"log","pattern":"cat.{1,5}/etc/passwd|nc.{1,30}-e.{1,100}/bin/(?:ba)?sh|bash\\s-.{0,4}i.{1,20}/dev/tcp/|subprocess.call\\(.{0,6}/bin/(?:ba)?sh|fsockopen\\(.{1,50}/bin/(?:ba)?sh|perl.{1,80}socket.{1,120}open.{1,80}exec\\(.{1,5}/bin/(?:ba)?sh"},"command_error":{"name":"算法4 - 查找语法错误和敏感操作","action":"log","unbalanced_quote_enable":true,"sensitive_cmd_enable":true,"concat_char":["|",";"],"sensitive_cmd":["curl","bash","cat","sh"],"alarm_token_enable":true,"alarm_token":["$IFS","${IFS}"]},"command_other":{"name":"算法5 - 记录或者拦截所有命令执行操作","action":"ignore"},"command_dnslog":{"name":"算法6 - dnslog类命令","action":"log","pattern_cmd":"(^|\\W)(curl|ping|wget|nslookup|dig)\\W","pattern_domain":"\\.((ceye|exeye|sslip|nip)\\.io|dnslog\\.cn|(vcap|bxss)\\.me|xip\\.(name|io)|burpcollaborator\\.net|tu4\\.org|2xss\\.cc|request\\.bin|requestbin\\.net|pipedream\\.net)"},"deserialization_blacklist":{"name":"算法1 - 反序列化黑名单过滤","action":"log","clazz":["org.apache.commons.collections.functors.ChainedTransformer","org.apache.commons.collections.functors.InvokerTransformer","org.apache.commons.collections.functors.InstantiateTransformer","org.apache.commons.collections4.functors.InvokerTransformer","org.apache.commons.collections4.functors.InstantiateTransformer","org.codehaus.groovy.runtime.ConvertedClosure","org.codehaus.groovy.runtime.MethodClosure","org.springframework.beans.factory.ObjectFactory","org.apache.xalan.xsltc.trax.TemplatesImpl","com.sun.org.apache.xalan.internal.xsltc.trax.TemplatesImpl","com.mchange.v2.c3p0.impl.PoolBackedDataSourceBase"]},"jndi_disable_all":{"name":"算法1 - 拦截所有JNDI调用","action":"log"},"dns_blacklist":{"name":"算法1 - 拦截DNS黑名单查询(比如DNSLog)","action":"log"},"xss_userinput":{"name":"算法2 - 拦截输出在响应里的反射XSS","action":"ignore","filter_regex":"<![\\-\\[A-Za-z]|<([A-Za-z]{1,12})[\\/>\\x00-\\x20]","min_length":15,"max_detection_num":10},"xss_echo":{"name":"算法1 - PHP: 禁止直接输出GPC参数","action":"log","filter_regex":"<![\\-\\[A-Za-z]|<([A-Za-z]{1,12})[\\/>\\x00-\\x20]"},"webshell_eval":{"name":"算法1 - 拦截简单的PHP中国菜刀后门","action":"log"},"webshell_command":{"name":"算法2 - 拦截简单的PHP命令执行后门","action":"log"},"webshell_file_put_contents":{"name":"算法3 - 拦截简单的PHP文件上传后门","action":"log"},"webshell_callable":{"name":"算法4 - 拦截简单的PHP array_map/walk/filter 后门","action":"log","functions":["system","exec","passthru","proc_open","shell_exec","popen","pcntl_exec","assert"]},"webshell_ld_preload":{"name":"算法5 - 拦截PHP putenv 相关后门","action":"log","env":["LD_PRELOAD","LD_AUDIT","GCONV_PATH"]},"eval_regex":{"name":"算法1 - 正则表达式","action":"ignore","regex":"base64_decode|gzuncompress|create_function"},"loadLibrary_unc":{"name":"算法1 - 拦截 UNC 路径类库加载","action":"log"},"response_dataLeak":{"name":"算法1 - 检查响应里是否有敏感信息","action":"ignore","kind":{"phone":true,"identity_card":true,"bank_card":true},"content_type":"html|json|xml"}}
2025-11-07 03:18:02,058 INFO  [main][com.baidu.openrasp.hook.AbstractClassHook] insert before method com.mysql.cj.jdbc.NonRegisteringDriver.connect(java.lang.String,java.util.Properties)
2025-11-07 03:18:02,085 INFO  [main][com.baidu.openrasp.hook.AbstractClassHook] insert after method: com.mysql.cj.jdbc.NonRegisteringDriver.connect(java.lang.String,java.util.Properties)
2025-11-07 03:18:02,102 INFO  [main][com.baidu.openrasp.hook.AbstractClassHook] insert after method: com.mysql.cj.jdbc.NonRegisteringDriver.connect(java.lang.String,java.util.Properties)
2025-11-07 03:18:08,689 INFO  [main][com.baidu.openrasp.hook.AbstractClassHook] insert before method com.mysql.cj.jdbc.ConnectionImpl.prepareStatement(java.lang.String,int,int)
2025-11-07 03:18:08,716 INFO  [main][com.baidu.openrasp.HookHandler] add catch to method: com.mysql.cj.jdbc.ConnectionImpl.prepareStatement(java.lang.String,int,int)
2025-11-07 03:18:08,744 INFO  [main][com.baidu.openrasp.hook.AbstractClassHook] insert before method com.mysql.cj.jdbc.ConnectionImpl.prepareCall(java.lang.String,int,int)
2025-11-07 03:18:08,777 INFO  [main][com.baidu.openrasp.HookHandler] add catch to method: com.mysql.cj.jdbc.ConnectionImpl.prepareCall(java.lang.String,int,int)
2025-11-07 03:18:08,946 INFO  [main][com.baidu.openrasp.hook.AbstractClassHook] insert before method com.mysql.cj.jdbc.StatementImpl.execute(java.lang.String)
2025-11-07 03:18:08,950 INFO  [main][com.baidu.openrasp.hook.AbstractClassHook] insert before method com.mysql.cj.jdbc.StatementImpl.execute(java.lang.String,int)
2025-11-07 03:18:08,953 INFO  [main][com.baidu.openrasp.hook.AbstractClassHook] insert before method com.mysql.cj.jdbc.StatementImpl.execute(java.lang.String,int[])
2025-11-07 03:18:08,956 INFO  [main][com.baidu.openrasp.hook.AbstractClassHook] insert before method com.mysql.cj.jdbc.StatementImpl.execute(java.lang.String,java.lang.String[])
2025-11-07 03:18:08,960 INFO  [main][com.baidu.openrasp.hook.AbstractClassHook] insert before method com.mysql.cj.jdbc.StatementImpl.executeUpdate(java.lang.String)
2025-11-07 03:18:08,962 INFO  [main][com.baidu.openrasp.hook.AbstractClassHook] insert before method com.mysql.cj.jdbc.StatementImpl.executeUpdate(java.lang.String,int)
2025-11-07 03:18:08,966 INFO  [main][com.baidu.openrasp.hook.AbstractClassHook] insert before method com.mysql.cj.jdbc.StatementImpl.executeUpdate(java.lang.String,int[])
2025-11-07 03:18:08,968 INFO  [main][com.baidu.openrasp.hook.AbstractClassHook] insert before method com.mysql.cj.jdbc.StatementImpl.executeUpdate(java.lang.String,java.lang.String[])
2025-11-07 03:18:08,982 INFO  [main][com.baidu.openrasp.hook.AbstractClassHook] insert before method com.mysql.cj.jdbc.StatementImpl.executeQuery(java.lang.String)
2025-11-07 03:18:08,986 INFO  [main][com.baidu.openrasp.hook.AbstractClassHook] insert before method com.mysql.cj.jdbc.StatementImpl.addBatch(java.lang.String)
2025-11-07 03:18:08,990 INFO  [main][com.baidu.openrasp.HookHandler] add catch to method: com.mysql.cj.jdbc.StatementImpl.execute(java.lang.String)
2025-11-07 03:18:08,993 INFO  [main][com.baidu.openrasp.HookHandler] add catch to method: com.mysql.cj.jdbc.StatementImpl.execute(java.lang.String,int)
2025-11-07 03:18:08,999 INFO  [main][com.baidu.openrasp.HookHandler] add catch to method: com.mysql.cj.jdbc.StatementImpl.execute(java.lang.String,int[])
2025-11-07 03:18:09,005 INFO  [main][com.baidu.openrasp.HookHandler] add catch to method: com.mysql.cj.jdbc.StatementImpl.execute(java.lang.String,java.lang.String[])
2025-11-07 03:18:09,009 INFO  [main][com.baidu.openrasp.HookHandler] add catch to method: com.mysql.cj.jdbc.StatementImpl.executeUpdate(java.lang.String)
2025-11-07 03:18:09,012 INFO  [main][com.baidu.openrasp.HookHandler] add catch to method: com.mysql.cj.jdbc.StatementImpl.executeUpdate(java.lang.String,int)
2025-11-07 03:18:09,016 INFO  [main][com.baidu.openrasp.HookHandler] add catch to method: com.mysql.cj.jdbc.StatementImpl.executeUpdate(java.lang.String,int[])
2025-11-07 03:18:09,018 INFO  [main][com.baidu.openrasp.HookHandler] add catch to method: com.mysql.cj.jdbc.StatementImpl.executeUpdate(java.lang.String,java.lang.String[])
2025-11-07 03:18:09,028 INFO  [main][com.baidu.openrasp.HookHandler] add catch to method: com.mysql.cj.jdbc.StatementImpl.executeQuery(java.lang.String)
2025-11-07 03:18:09,030 INFO  [main][com.baidu.openrasp.HookHandler] add catch to method: com.mysql.cj.jdbc.StatementImpl.addBatch(java.lang.String)
2025-11-07 03:18:38,223 INFO  [main][com.baidu.openrasp.hook.AbstractClassHook] insert before method com.sun.xml.internal.stream.XMLInputFactoryImpl.createXMLStreamReader(java.io.InputStream)
2025-11-07 03:18:38,233 INFO  [main][com.baidu.openrasp.hook.AbstractClassHook] insert before method com.sun.xml.internal.stream.XMLInputFactoryImpl.createXMLStreamReader(java.io.Reader)
2025-11-07 03:18:38,249 INFO  [main][com.baidu.openrasp.hook.AbstractClassHook] insert before method com.sun.xml.internal.stream.XMLInputFactoryImpl.createXMLStreamReader(java.lang.String,java.io.Reader)
2025-11-07 03:18:38,258 INFO  [main][com.baidu.openrasp.hook.AbstractClassHook] insert before method com.sun.xml.internal.stream.XMLInputFactoryImpl.createXMLStreamReader(javax.xml.transform.Source)
2025-11-07 03:18:38,264 INFO  [main][com.baidu.openrasp.hook.AbstractClassHook] insert before method com.sun.xml.internal.stream.XMLInputFactoryImpl.createXMLStreamReader(java.lang.String,java.io.InputStream)
2025-11-07 03:18:38,271 INFO  [main][com.baidu.openrasp.hook.AbstractClassHook] insert before method com.sun.xml.internal.stream.XMLInputFactoryImpl.createXMLStreamReader(java.io.InputStream,java.lang.String)
2025-11-07 03:18:38,279 INFO  [main][com.baidu.openrasp.hook.AbstractClassHook] insert before method com.sun.xml.internal.stream.XMLInputFactoryImpl.createXMLEventReader(java.io.InputStream)
2025-11-07 03:18:38,288 INFO  [main][com.baidu.openrasp.hook.AbstractClassHook] insert before method com.sun.xml.internal.stream.XMLInputFactoryImpl.createXMLEventReader(java.io.Reader)
2025-11-07 03:18:38,295 INFO  [main][com.baidu.openrasp.hook.AbstractClassHook] insert before method com.sun.xml.internal.stream.XMLInputFactoryImpl.createXMLEventReader(javax.xml.transform.Source)
2025-11-07 03:18:38,304 INFO  [main][com.baidu.openrasp.hook.AbstractClassHook] insert before method com.sun.xml.internal.stream.XMLInputFactoryImpl.createXMLEventReader(java.lang.String,java.io.InputStream)
2025-11-07 03:18:38,310 INFO  [main][com.baidu.openrasp.hook.AbstractClassHook] insert before method com.sun.xml.internal.stream.XMLInputFactoryImpl.createXMLEventReader(java.io.InputStream,java.lang.String)
2025-11-07 03:18:38,317 INFO  [main][com.baidu.openrasp.hook.AbstractClassHook] insert before method com.sun.xml.internal.stream.XMLInputFactoryImpl.createXMLEventReader(java.lang.String,java.io.Reader)
2025-11-07 03:18:38,323 INFO  [main][com.baidu.openrasp.hook.AbstractClassHook] insert before method com.sun.xml.internal.stream.XMLInputFactoryImpl.createXMLEventReader(javax.xml.stream.XMLStreamReader)
2025-11-07 03:22:06,071 INFO  [http-nio-9988-exec-1][com.baidu.openrasp.hook.AbstractClassHook] insert after method: org.apache.catalina.connector.Request.parseParameters()
2025-11-07 03:22:06,166 INFO  [http-nio-9988-exec-1][com.baidu.openrasp.hook.AbstractClassHook] insert after method: org.apache.catalina.connector.CoyoteReader.read()
2025-11-07 03:22:06,180 INFO  [http-nio-9988-exec-1][com.baidu.openrasp.hook.AbstractClassHook] insert after method: org.apache.catalina.connector.CoyoteReader.read(char[])
2025-11-07 03:22:06,195 INFO  [http-nio-9988-exec-1][com.baidu.openrasp.hook.AbstractClassHook] insert after method: org.apache.catalina.connector.CoyoteReader.read(char[],int,int)
2025-11-07 03:22:06,305 INFO  [http-nio-9988-exec-1][com.baidu.openrasp.hook.AbstractClassHook] insert after method: org.apache.catalina.connector.InputBuffer.readByte()
2025-11-07 03:22:06,307 INFO  [http-nio-9988-exec-1][com.baidu.openrasp.hook.AbstractClassHook] insert after method: org.apache.catalina.connector.InputBuffer.read(byte[],int,int)
2025-11-07 03:22:06,456 INFO  [http-nio-9988-exec-1][com.baidu.openrasp.hook.AbstractClassHook] insert after method: org.apache.catalina.core.ApplicationFilterChain.doFilter(jakarta.servlet.ServletRequest,jakarta.servlet.ServletResponse)
2025-11-07 03:22:06,483 INFO  [http-nio-9988-exec-1][com.baidu.openrasp.hook.AbstractClassHook] insert before method org.apache.catalina.core.ApplicationFilterChain.doFilter(jakarta.servlet.ServletRequest,jakarta.servlet.ServletResponse)
2025-11-07 06:03:57,626 INFO  [main][com.baidu.openrasp.config.Config] plugin.timeout.millis use the default value: 100
2025-11-07 06:03:57,628 INFO  [main][com.baidu.openrasp.config.Config] hooks.ignore: http_output
2025-11-07 06:03:57,629 INFO  [main][com.baidu.openrasp.config.Config] inject.urlprefix use the default value: 
2025-11-07 06:03:57,629 INFO  [main][com.baidu.openrasp.config.Config] request.param_encoding use the default value: 
2025-11-07 06:03:57,629 INFO  [main][com.baidu.openrasp.config.Config] body.maxbytes use the default value: 12288
2025-11-07 06:03:57,629 INFO  [main][com.baidu.openrasp.config.Config] log.maxbackup use the default value: 30
2025-11-07 06:03:57,630 INFO  [main][com.baidu.openrasp.config.Config] plugin.maxstack use the default value: 100
2025-11-07 06:03:57,639 INFO  [main][com.baidu.openrasp.config.Config] lru.max_size use the default value: 1024
2025-11-07 06:03:57,639 INFO  [main][com.baidu.openrasp.config.Config] plugin.filter use the default value: true
2025-11-07 06:03:57,640 INFO  [main][com.baidu.openrasp.config.Config] ognl.expression.minlength use the default value: 30
2025-11-07 06:03:57,641 INFO  [main][com.baidu.openrasp.config.Config] sql.slowquery.min_rows use the default value: 500
2025-11-07 06:03:57,641 INFO  [main][com.baidu.openrasp.config.Config] block.status_code use the default value: 302
2025-11-07 06:03:57,642 INFO  [main][com.baidu.openrasp.config.Config] debug.level use the default value: 0
2025-11-07 06:03:57,642 INFO  [main][com.baidu.openrasp.config.Config] clientip.header use the default value: ClientIP
2025-11-07 06:03:57,642 INFO  [main][com.baidu.openrasp.config.Config] block.redirect_url use the default value: https://rasp.baidu.com/blocked/?request_id=%request_id%
2025-11-07 06:03:57,643 INFO  [main][com.baidu.openrasp.config.Config] block.content_json use the default value: {"error":true, "reason": "Request blocked by OpenRASP", "request_id": "%request_id%"}
2025-11-07 06:03:57,643 INFO  [main][com.baidu.openrasp.config.Config] block.content_xml use the default value: <?xml version="1.0"?><doc><error>true</error><reason>Request blocked by OpenRASP</reason><request_id>%request_id%</request_id></doc>
2025-11-07 06:03:57,644 INFO  [main][com.baidu.openrasp.config.Config] block.content_html use the default value: </script><script>location.href="https://rasp.baidu.com/blocked2/?request_id=%request_id%"</script>
2025-11-07 06:03:57,645 INFO  [main][com.baidu.openrasp.config.Config] cloud.enable: true
2025-11-07 06:03:57,645 INFO  [main][com.baidu.openrasp.config.Config] cloud.backend_url: http://192.168.203.141:8086
2025-11-07 06:03:57,645 INFO  [main][com.baidu.openrasp.config.Config] cloud.app_id: 0c91b98f2aa79983228f10fc37725da726bd31d6
2025-11-07 06:03:57,646 INFO  [main][com.baidu.openrasp.config.Config] cloud.app_secret: O3HUqrDFqauBGqsHhkp0yxyMc87lU83NuIGxQBoStIU
2025-11-07 06:03:57,646 INFO  [main][com.baidu.openrasp.config.Config] rasp.id use the default value: 
2025-11-07 06:03:57,647 INFO  [main][com.baidu.openrasp.config.Config] syslog.enable use the default value: false
2025-11-07 06:03:57,647 INFO  [main][com.baidu.openrasp.config.Config] syslog.url use the default value: 
2025-11-07 06:03:57,648 INFO  [main][com.baidu.openrasp.config.Config] syslog.tag use the default value: OPENRASP
2025-11-07 06:03:57,648 INFO  [main][com.baidu.openrasp.config.Config] syslog.facility use the default value: 1
2025-11-07 06:03:57,648 INFO  [main][com.baidu.openrasp.config.Config] syslog.reconnect_interval use the default value: 300000
2025-11-07 06:03:57,649 INFO  [main][com.baidu.openrasp.config.Config] log.maxburst use the default value: 100
2025-11-07 06:03:57,650 INFO  [main][com.baidu.openrasp.config.Config] cloud.heartbeat_interval use the default value: 90
2025-11-07 06:03:57,658 INFO  [main][com.baidu.openrasp.config.Config] hook.white use the default value: {}
2025-11-07 06:03:57,660 INFO  [main][com.baidu.openrasp.config.Config] hook.white.ALL use the default value: true
2025-11-07 06:03:57,660 INFO  [main][com.baidu.openrasp.config.Config] decompile.enable use the default value: false
2025-11-07 06:03:57,663 INFO  [main][com.baidu.openrasp.config.Config] inject.custom_headers: {X-Protected-By=OpenRASP}
2025-11-07 06:03:57,664 INFO  [main][com.baidu.openrasp.config.Config] dependency_check.interval use the default value: 21600
2025-11-07 06:03:57,664 INFO  [main][com.baidu.openrasp.config.Config] dependency_check.enable use the default value: false
2025-11-07 06:03:57,677 INFO  [main][com.baidu.openrasp.config.Config] security.weak_passwords use the default value: [111111, 123, 123123, 123456, 123456a, a123456, admin, both, manager, mysql, root, rootweblogic, tomcat, user, weblogic1, weblogic123, welcome1]
2025-11-07 06:03:57,677 INFO  [main][com.baidu.openrasp.config.Config] cpu.usage.percent use the default value: 90
2025-11-07 06:03:57,929 INFO  [main][com.baidu.openrasp.config.Config] cpu.usage.enable use the default value: false
2025-11-07 06:03:57,930 INFO  [main][com.baidu.openrasp.config.Config] cpu.usage.interval use the default value: 5
2025-11-07 06:03:57,930 INFO  [main][com.baidu.openrasp.config.Config] openrasp.ssl_verifypeer use the default value: false
2025-11-07 06:03:57,930 INFO  [main][com.baidu.openrasp.config.Config] file_monitor.mode use the default value: scan
2025-11-07 06:03:57,930 INFO  [main][com.baidu.openrasp.config.Config] file_monitor.interval use the default value: 3
2025-11-07 06:03:57,930 INFO  [main][com.baidu.openrasp.config.Config] iast.enable use the default value: false
2025-11-07 06:03:57,930 INFO  [main][com.baidu.openrasp.config.Config] lru.compare_enable use the default value: false
2025-11-07 06:03:57,931 INFO  [main][com.baidu.openrasp.config.Config] lru.compare_limit use the default value: 10240
2025-11-07 06:03:57,931 INFO  [main][com.baidu.openrasp.config.Config] response.sampler_interval use the default value: 60
2025-11-07 06:03:57,931 INFO  [main][com.baidu.openrasp.config.Config] response.sampler_burst use the default value: 5
2025-11-07 06:03:57,932 INFO  [main][com.baidu.openrasp.config.Config] baseDirectory: /home/enen/projects/bailianyingyong/chatbotAi/rasp
2025-11-07 06:03:58,726 INFO  [main][com.baidu.openrasp.transformer.CustomClassTransformer] ignore hook type http_output, class com.baidu.openrasp.hook.server.bes.BESHttpResponseHook
2025-11-07 06:03:58,731 INFO  [main][com.baidu.openrasp.transformer.CustomClassTransformer] ignore hook type http_output, class com.baidu.openrasp.hook.server.resin.ResinOutputCloseHook
2025-11-07 06:03:58,733 INFO  [main][com.baidu.openrasp.transformer.CustomClassTransformer] ignore hook type http_output, class com.baidu.openrasp.hook.server.websphere.WebsphereHttpOutputHook
2025-11-07 06:03:58,736 INFO  [main][com.baidu.openrasp.transformer.CustomClassTransformer] ignore hook type http_output, class com.baidu.openrasp.hook.server.tongweb7.Tongweb7OutputBufferHook
2025-11-07 06:03:58,740 INFO  [main][com.baidu.openrasp.transformer.CustomClassTransformer] ignore hook type http_output, class com.baidu.openrasp.hook.server.jetty.JettyHttpOutputHook
2025-11-07 06:03:58,741 INFO  [main][com.baidu.openrasp.transformer.CustomClassTransformer] ignore hook type http_output, class com.baidu.openrasp.hook.server.wildfly.UndertowOutputHook
2025-11-07 06:03:58,746 INFO  [main][com.baidu.openrasp.transformer.CustomClassTransformer] ignore hook type http_output, class com.baidu.openrasp.hook.server.weblogic.WeblogicHttpOutputHook
2025-11-07 06:03:58,750 INFO  [main][com.baidu.openrasp.transformer.CustomClassTransformer] ignore hook type http_output, class com.baidu.openrasp.hook.server.tongweb.TongwebHttpResponseHook
2025-11-07 06:03:58,751 INFO  [main][com.baidu.openrasp.transformer.CustomClassTransformer] ignore hook type http_output, class com.baidu.openrasp.hook.server.catalina.CatalinaOutputBufferHook
2025-11-07 06:03:59,557 INFO  [main][com.baidu.openrasp.hook.AbstractClassHook] insert before method java.net.InetAddress.getAllByName(java.lang.String)
2025-11-07 06:03:59,782 INFO  [main][com.baidu.openrasp.hook.AbstractClassHook] insert before method java.lang.ProcessImpl(byte[],byte[],int,byte[],int,byte[],int[],boolean,boolean)
2025-11-07 06:03:59,904 INFO  [main][com.baidu.openrasp.hook.AbstractClassHook] insert before method java.io.RandomAccessFile(java.io.File,java.lang.String)
2025-11-07 06:04:00,064 INFO  [main][com.baidu.openrasp.hook.AbstractClassHook] insert before method java.io.RandomAccessFile(java.io.File,java.lang.String)
2025-11-07 06:04:00,207 INFO  [main][com.baidu.openrasp.hook.AbstractClassHook] insert before method java.nio.file.Files.delete(java.nio.file.Path)
2025-11-07 06:04:00,223 INFO  [main][com.baidu.openrasp.hook.AbstractClassHook] insert before method java.nio.file.Files.deleteIfExists(java.nio.file.Path)
2025-11-07 06:04:00,324 INFO  [main][com.baidu.openrasp.hook.AbstractClassHook] insert before method java.nio.file.Files.newDirectoryStream(java.nio.file.Path)
2025-11-07 06:04:00,425 INFO  [main][com.baidu.openrasp.hook.AbstractClassHook] insert before method java.nio.file.Files.copy(java.nio.file.Path,java.nio.file.Path,java.nio.file.CopyOption[])
2025-11-07 06:04:00,452 INFO  [main][com.baidu.openrasp.hook.AbstractClassHook] insert before method java.nio.file.Files.move(java.nio.file.Path,java.nio.file.Path,java.nio.file.CopyOption[])
2025-11-07 06:04:00,460 INFO  [main][com.baidu.openrasp.hook.AbstractClassHook] insert before method java.nio.file.Files.createLink(java.nio.file.Path,java.nio.file.Path)
2025-11-07 06:04:00,558 INFO  [main][com.baidu.openrasp.hook.AbstractClassHook] insert before method java.nio.file.Files.createFile(java.nio.file.Path,java.nio.file.attribute.FileAttribute[])
2025-11-07 06:04:00,572 INFO  [main][com.baidu.openrasp.hook.AbstractClassHook] insert before method java.nio.file.Files.newOutputStream(java.nio.file.Path,java.nio.file.OpenOption[])
2025-11-07 06:04:00,711 INFO  [main][com.baidu.openrasp.hook.AbstractClassHook] insert before method java.nio.file.Files.readAllBytes(java.nio.file.Path)
2025-11-07 06:04:00,718 INFO  [main][com.baidu.openrasp.hook.AbstractClassHook] insert before method java.nio.file.Files.newInputStream(java.nio.file.Path,java.nio.file.OpenOption[])
2025-11-07 06:04:00,812 INFO  [main][com.baidu.openrasp.hook.AbstractClassHook] insert before method java.io.File.renameTo(java.io.File)
2025-11-07 06:04:00,868 INFO  [main][com.baidu.openrasp.hook.AbstractClassHook] insert before method java.io.File.delete()
2025-11-07 06:04:00,910 INFO  [main][com.baidu.openrasp.hook.AbstractClassHook] insert before method java.io.File.list()
2025-11-07 06:04:01,015 INFO  [main][com.baidu.openrasp.hook.AbstractClassHook] insert before method java.io.FileOutputStream(java.io.File,boolean)
2025-11-07 06:04:01,100 INFO  [main][com.baidu.openrasp.hook.AbstractClassHook] insert before method java.io.FileInputStream(java.io.File)
2025-11-07 06:04:01,199 INFO  [main][com.baidu.openrasp.EngineBoot] [OpenRASP] Engine Initialized [1.3.7 (build: GitCommit=97839b3 date=2023-03-31T08:56:34Z)]
2025-11-07 06:04:28,586 INFO  [main][com.baidu.openrasp.hook.AbstractClassHook] insert before method java.io.ObjectInputStream.resolveClass(java.io.ObjectStreamClass)
2025-11-07 06:04:30,815 INFO  [main][com.baidu.openrasp.HookHandler] detect server: tomcat/10.1.31.0
2025-11-07 06:04:30,830 INFO  [main][com.baidu.openrasp.HookHandler] detect server class: org/apache/catalina/Server
2025-11-07 06:04:31,591 INFO  [OpenRASP Register Thread][com.baidu.openrasp.hook.AbstractClassHook] insert before method sun.net.www.protocol.http.HttpURLConnection.getInputStream()
2025-11-07 06:04:31,640 INFO  [OpenRASP Register Thread][com.baidu.openrasp.hook.AbstractClassHook] insert after method: sun.net.www.protocol.http.HttpURLConnection.getInputStream()
2025-11-07 06:04:31,882 INFO  [OpenRASP Register Thread][com.baidu.openrasp.hook.AbstractClassHook] insert after method: sun.net.www.protocol.http.HttpURLConnection.followRedirect()
2025-11-07 06:04:31,888 INFO  [main][com.baidu.openrasp.hook.AbstractClassHook] insert before method org.apache.coyote.Response.doWrite(java.nio.ByteBuffer)
2025-11-07 06:04:32,378 INFO  [OpenRASP Register Thread][com.baidu.openrasp.cloud.log] [OpenRASP] RASP agent successfully registered, registration details are as follows: 
{"rasp_home":"/home/enen/projects/bailianyingyong/chatbotAi/rasp","hostname":"enen","os":"Linux","language":"java","id":"c31d72c38cdff7a634259d4bf9da5a60","language_version":"17.0.16","register_ip":"192.168.203.141","server_version":"10.1.31.0","version":"1.3.7","heartbeat_interval":90,"server_type":"tomcat","environ":{"PATH":"/home/enen/.npm-global/bin:/usr/local/sbin:/usr/local/bin:/usr/sbin:/usr/bin:/sbin:/bin:/usr/games:/usr/local/games:/snap/bin:/usr/lib/go/bin:/home/enen/go","LESSCLOSE":"/usr/bin/lesspipe %s %s","XDG_DATA_DIRS":"/usr/local/share:/usr/share:/var/lib/snapd/desktop","TERM":"xterm","DBUS_SESSION_BUS_ADDRESS":"unix:path\u003d/run/user/1000/bus","LANG":"en_US.UTF-8","XDG_SESSION_ID":"339","XDG_SESSION_TYPE":"tty","GOPROXY":"https://goproxy.cn,direct","DISPLAY":"localhost:14.0","LOGNAME":"enen","PWD":"/home/enen/projects/bailianyingyong/chatbotAi","_":"/usr/bin/java","XDG_SESSION_CLASS":"user","LESSOPEN":"| /usr/bin/lesspipe %s","SHELL":"/bin/bash","SSH_TTY":"/dev/pts/7","SSH_CLIENT":"192.168.203.1 51096 22","OLDPWD":"/home/enen","GOPATH":"/home/enen/go","USER":"enen","GOROOT":"/usr/lib/go","GO111MODULE":"on","SSH_CONNECTION":"192.168.203.1 51096 192.168.203.141 22","XDG_RUNTIME_DIR":"/run/user/1000","LS_COLORS":"rs\u003d0:di\u003d01;34:ln\u003d01;36:mh\u003d00:pi\u003d40;33:so\u003d01;35:do\u003d01;35:bd\u003d40;33;01:cd\u003d40;33;01:or\u003d40;31;01:mi\u003d00:su\u003d37;41:sg\u003d30;43:ca\u003d00:tw\u003d30;42:ow\u003d34;42:st\u003d37;44:ex\u003d01;32:*.tar\u003d01;31:*.tgz\u003d01;31:*.arc\u003d01;31:*.arj\u003d01;31:*.taz\u003d01;31:*.lha\u003d01;31:*.lz4\u003d01;31:*.lzh\u003d01;31:*.lzma\u003d01;31:*.tlz\u003d01;31:*.txz\u003d01;31:*.tzo\u003d01;31:*.t7z\u003d01;31:*.zip\u003d01;31:*.z\u003d01;31:*.dz\u003d01;31:*.gz\u003d01;31:*.lrz\u003d01;31:*.lz\u003d01;31:*.lzo\u003d01;31:*.xz\u003d01;31:*.zst\u003d01;31:*.tzst\u003d01;31:*.bz2\u003d01;31:*.bz\u003d01;31:*.tbz\u003d01;31:*.tbz2\u003d01;31:*.tz\u003d01;31:*.deb\u003d01;31:*.rpm\u003d01;31:*.jar\u003d01;31:*.war\u003d01;31:*.ear\u003d01;31:*.sar\u003d01;31:*.rar\u003d01;31:*.alz\u003d01;31:*.ace\u003d01;31:*.zoo\u003d01;31:*.cpio\u003d01;31:*.7z\u003d01;31:*.rz\u003d01;31:*.cab\u003d01;31:*.wim\u003d01;31:*.swm\u003d01;31:*.dwm\u003d01;31:*.esd\u003d01;31:*.avif\u003d01;35:*.jpg\u003d01;35:*.jpeg\u003d01;35:*.mjpg\u003d01;35:*.mjpeg\u003d01;35:*.gif\u003d01;35:*.bmp\u003d01;35:*.pbm\u003d01;35:*.pgm\u003d01;35:*.ppm\u003d01;35:*.tga\u003d01;35:*.xbm\u003d01;35:*.xpm\u003d01;35:*.tif\u003d01;35:*.tiff\u003d01;35:*.png\u003d01;35:*.svg\u003d01;35:*.svgz\u003d01;35:*.mng\u003d01;35:*.pcx\u003d01;35:*.mov\u003d01;35:*.mpg\u003d01;35:*.mpeg\u003d01;35:*.m2v\u003d01;35:*.mkv\u003d01;35:*.webm\u003d01;35:*.webp\u003d01;35:*.ogm\u003d01;35:*.mp4\u003d01;35:*.m4v\u003d01;35:*.mp4v\u003d01;35:*.vob\u003d01;35:*.qt\u003d01;35:*.nuv\u003d01;35:*.wmv\u003d01;35:*.asf\u003d01;35:*.rm\u003d01;35:*.rmvb\u003d01;35:*.flc\u003d01;35:*.avi\u003d01;35:*.fli\u003d01;35:*.flv\u003d01;35:*.gl\u003d01;35:*.dl\u003d01;35:*.xcf\u003d01;35:*.xwd\u003d01;35:*.yuv\u003d01;35:*.cgm\u003d01;35:*.emf\u003d01;35:*.ogv\u003d01;35:*.ogx\u003d01;35:*.aac\u003d00;36:*.au\u003d00;36:*.flac\u003d00;36:*.m4a\u003d00;36:*.mid\u003d00;36:*.midi\u003d00;36:*.mka\u003d00;36:*.mp3\u003d00;36:*.mpc\u003d00;36:*.ogg\u003d00;36:*.ra\u003d00;36:*.wav\u003d00;36:*.oga\u003d00;36:*.opus\u003d00;36:*.spx\u003d00;36:*.xspf\u003d00;36:*~\u003d00;90:*#\u003d00;90:*.bak\u003d00;90:*.crdownload\u003d00;90:*.dpkg-dist\u003d00;90:*.dpkg-new\u003d00;90:*.dpkg-old\u003d00;90:*.dpkg-tmp\u003d00;90:*.old\u003d00;90:*.orig\u003d00;90:*.part\u003d00;90:*.rej\u003d00;90:*.rpmnew\u003d00;90:*.rpmorig\u003d00;90:*.rpmsave\u003d00;90:*.swp\u003d00;90:*.tmp\u003d00;90:*.ucf-dist\u003d00;90:*.ucf-new\u003d00;90:*.ucf-old\u003d00;90:","SHLVL":"1","HOME":"/home/enen"}}
2025-11-07 06:04:33,185 INFO  [OpenRASP Heartbeat Thread][com.baidu.openrasp.config.Config] plugin.maxstack: 100
2025-11-07 06:04:33,188 INFO  [OpenRASP Heartbeat Thread][com.baidu.openrasp.config.Config] block.redirect_url: https://rasp.baidu.com/blocked/?request_id=%request_id%
2025-11-07 06:04:33,188 INFO  [OpenRASP Heartbeat Thread][com.baidu.openrasp.config.Config] dependency_check.interval: 43200
2025-11-07 06:04:33,192 INFO  [OpenRASP Heartbeat Thread][com.baidu.openrasp.config.Config] hook.white: {}
2025-11-07 06:04:33,192 INFO  [OpenRASP Heartbeat Thread][com.baidu.openrasp.config.Config] plugin.filter: true
2025-11-07 06:04:33,192 INFO  [OpenRASP Heartbeat Thread][com.baidu.openrasp.config.Config] debug.level: 0
2025-11-07 06:04:33,192 INFO  [OpenRASP Heartbeat Thread][com.baidu.openrasp.config.Config] block.content_json: {"error":true,"reason": "Request blocked by OpenRASP","request_id": "%request_id%"}
2025-11-07 06:04:33,193 INFO  [OpenRASP Heartbeat Thread][com.baidu.openrasp.config.Config] decompile.enable: false
2025-11-07 06:04:33,193 INFO  [OpenRASP Heartbeat Thread][com.baidu.openrasp.config.Config] response.sampler_burst: 5
2025-11-07 06:04:33,193 INFO  [OpenRASP Heartbeat Thread][com.baidu.openrasp.config.Config] syslog.facility: 1
2025-11-07 06:04:33,193 INFO  [OpenRASP Heartbeat Thread][com.baidu.openrasp.config.Config] syslog.tag: OpenRASP
2025-11-07 06:04:33,193 INFO  [OpenRASP Heartbeat Thread][com.baidu.openrasp.config.Config] block.content_xml: <?xml version="1.0"?><doc><error>true</error><reason>Request blocked by OpenRASP</reason><request_id>%request_id%</request_id></doc>
2025-11-07 06:04:33,193 INFO  [OpenRASP Heartbeat Thread][com.baidu.openrasp.config.Config] lru.compare_enable: false
2025-11-07 06:04:33,199 INFO  [OpenRASP Heartbeat Thread][com.baidu.openrasp.config.Config] security.weak_passwords: [111111, 123, 123123, 123456, 123456a, a123456, admin, both, manager, mysql, root, rootweblogic, tomcat, user, weblogic1, weblogic123, welcome1]
2025-11-07 06:04:33,199 INFO  [OpenRASP Heartbeat Thread][com.baidu.openrasp.config.Config] syslog.url: 
2025-11-07 06:04:33,199 INFO  [OpenRASP Heartbeat Thread][com.baidu.openrasp.config.Config] body.maxbytes: 12288
2025-11-07 06:04:33,199 INFO  [OpenRASP Heartbeat Thread][com.baidu.openrasp.config.Config] cpu.usage.enable: false
2025-11-07 06:04:33,199 INFO  [OpenRASP Heartbeat Thread][com.baidu.openrasp.config.Config] ognl.expression.minlength: 30
2025-11-07 06:04:33,199 INFO  [OpenRASP Heartbeat Thread][com.baidu.openrasp.config.Config] log.maxburst: 100
2025-11-07 06:04:33,200 INFO  [OpenRASP Heartbeat Thread][com.baidu.openrasp.config.Config] log.maxbackup: 30
2025-11-07 06:04:33,200 INFO  [OpenRASP Heartbeat Thread][com.baidu.openrasp.config.Config] block.content_html: </script><script>location.href="https://rasp.baidu.com/blocked2/?request_id=%request_id%"</script>
2025-11-07 06:04:33,203 WARN  [OpenRASP Heartbeat Thread][com.baidu.openrasp.messaging.LogTool] [E20004] Unknown config key [fileleak_scan.interval] found in cloud configuration: 
2025-11-07 06:04:33,230 INFO  [OpenRASP Heartbeat Thread][com.baidu.openrasp.config.Config] cpu.usage.interval: 5
2025-11-07 06:04:33,230 INFO  [OpenRASP Heartbeat Thread][com.baidu.openrasp.config.Config] lru.compare_limit: 10240
2025-11-07 06:04:33,230 INFO  [OpenRASP Heartbeat Thread][com.baidu.openrasp.config.Config] lru.max_size: 1000
2025-11-07 06:04:33,237 INFO  [OpenRASP Heartbeat Thread][com.baidu.openrasp.config.Config] inject.custom_headers: {X-Protected-By=OpenRASP}
2025-11-07 06:04:33,238 INFO  [OpenRASP Heartbeat Thread][com.baidu.openrasp.config.Config] plugin.timeout.millis: 100
2025-11-07 06:04:33,238 WARN  [OpenRASP Heartbeat Thread][com.baidu.openrasp.messaging.LogTool] [E20004] Unknown config key [fileleak_scan.name] found in cloud configuration: 
2025-11-07 06:04:33,253 WARN  [OpenRASP Heartbeat Thread][com.baidu.openrasp.messaging.LogTool] [E20004] Unknown config key [log.maxstack] found in cloud configuration: 
2025-11-07 06:04:33,250 INFO  [main][com.baidu.openrasp.hook.AbstractClassHook] insert before method org.apache.catalina.connector.CoyoteAdapter.service(org.apache.coyote.Request,org.apache.coyote.Response)
2025-11-07 06:04:33,263 WARN  [OpenRASP Heartbeat Thread][com.baidu.openrasp.messaging.LogTool] [E20004] Unknown config key [fileleak_scan.limit] found in cloud configuration: 
2025-11-07 06:04:33,282 WARN  [OpenRASP Heartbeat Thread][com.baidu.openrasp.messaging.LogTool] [E20004] Unknown config key [offline_hosts.cleanup.interval] found in cloud configuration: 
2025-11-07 06:04:33,305 INFO  [OpenRASP Heartbeat Thread][com.baidu.openrasp.config.Config] request.param_encoding: 
2025-11-07 06:04:33,305 INFO  [OpenRASP Heartbeat Thread][com.baidu.openrasp.config.Config] cpu.usage.percent: 90
2025-11-07 06:04:33,305 INFO  [OpenRASP Heartbeat Thread][com.baidu.openrasp.config.Config] block.status_code: 302
2025-11-07 06:04:33,305 INFO  [OpenRASP Heartbeat Thread][com.baidu.openrasp.config.Config] clientip.header: ClientIP
2025-11-07 06:04:33,305 INFO  [OpenRASP Heartbeat Thread][com.baidu.openrasp.config.Config] response.sampler_interval: 60
2025-11-07 06:04:33,305 INFO  [OpenRASP Heartbeat Thread][com.baidu.openrasp.config.Config] syslog.enable: false
2025-11-07 06:04:34,175 WARN  [OpenRASP Heartbeat Thread][com.baidu.openrasp.config.Config] the value of sql_exception.mysql.error_code is null
2025-11-07 06:04:34,176 WARN  [OpenRASP Heartbeat Thread][com.baidu.openrasp.config.Config] the value of sql_exception.sqlite.error_code is null
2025-11-07 06:04:34,176 WARN  [OpenRASP Heartbeat Thread][com.baidu.openrasp.config.Config] the value of sql_exception.oracle.error_code is null
2025-11-07 06:04:34,176 WARN  [OpenRASP Heartbeat Thread][com.baidu.openrasp.config.Config] the value of sql_exception.db2.error_code is null
2025-11-07 06:04:34,176 INFO  [OpenRASP Heartbeat Thread][com.baidu.openrasp.config.Config] sql error codes: {oracle=[1756, 907, 19202, 20000, 1740, 29257, 920, 933, 911, 904], sqlite=[1], hsql=[-5590, -5584, -5583], mysql=[1105, 1367, 1064, 1062, 1060]}
2025-11-07 06:04:34,177 INFO  [OpenRASP Heartbeat Thread][com.baidu.openrasp.config.Config] sql error states: {db2=[42603], hsql=[42583, 42584, 42590]}
2025-11-07 06:04:34,177 WARN  [OpenRASP Heartbeat Thread][com.baidu.openrasp.config.Config] failed to get the log_regex.regex element from algorithm config
2025-11-07 06:04:34,177 INFO  [OpenRASP Heartbeat Thread][com.baidu.openrasp.config.Config] log_regex.regex: {}
2025-11-07 06:04:34,181 INFO  [OpenRASP Heartbeat Thread][com.baidu.openrasp.config.Config] algorithm.config: {"meta":{"all_log":true,"is_dev":false,"log_event":false,"schema_version":1},"sql_userinput":{"name":"算法1 - 用户输入匹配算法","action":"log","min_length":8,"pre_filter":"select|file|from|;","pre_enable":false,"anti_detect_filter":"add|all|alter|analyze|and|any|as|asc|avg|begin|between|by|case|create|count|delete|desc|do|dumpfile|else|elseif|end|exists|false|file|float|flush|follows|from|group|having|identified|if|in|insert|interval|into|join|last|like|limit|loop|not|null|on|or|order|procedure|regexp|return|rlike|select|then|true|union|update|values|xor","anti_detect_enable":true,"lcs_search":false,"allow_full":true},"sql_policy":{"name":"算法2 - 拦截异常SQL语句","action":"log","pre_filter":";|\\/\\*|(?:\\d{1,2}\\s*,\\s*){2}|(?:null\\s*,\\s*){2}|0x[\\da-f]{8}|\\W(information_schema|outfile|dumpfile|load_file|benchmark|pg_sleep|sleep|is_srvrolemember|updatexml|extractvalue|hex|char|chr|mid|ord|ascii|bin)\\W","feature":{"stacked_query":false,"no_hex":false,"version_comment":true,"function_blacklist":true,"function_count":false,"union_null":true,"into_outfile":true,"information_schema":false},"function_blacklist":{"load_file":true,"benchmark":true,"sleep":true,"pg_sleep":true,"is_srvrolemember":true,"updatexml":true,"extractvalue":true,"hex":false,"mid":false,"ord":false,"ascii":false,"bin":false},"function_count":{"chr":5,"char":5}},"sql_exception":{"name":"算法3 - 记录数据库异常","action":"log","reference":"https://rasp.baidu.com/doc/dev/official.html#sql-exception","mysql":{"error_code":[1060,1062,1064,1105,1367]},"pgsql":{"error_code":["42601","22P02"],"error_state":["42601","22P02"]},"sqlite":{"error_code":[1]},"oracle":{"error_code":[933,29257,20000,904,19202,1756,1740,920,907,911]},"hsql":{"error_code":[-5583,-5584,-5590],"error_state":["42583","42584","42590"]},"mssql":{"error_code":[105,245]},"db2":{"error_state":["42603"]}},"sql_regex":{"name":"算法4 - 正则表达式算法","action":"ignore","regex":"information_schema"},"ssrf_userinput":{"name":"算法1 - 用户输入匹配算法（支持 rebind 检测）","action":"log"},"ssrf_aws":{"name":"算法2 - 拦截 AWS/Aliyun/GCP metadata 访问","action":"log"},"ssrf_common":{"name":"算法3 - 拦截常见 dnslog 地址","action":"log"},"ssrf_obfuscate":{"name":"算法4 - 拦截混淆地址","action":"ignore"},"ssrf_protocol":{"name":"算法5 - 拦截 php:// 等异常协议","action":"log","protocols":["file","gopher","local_file","local-file","jar","netdoc","dict","php","phar","compress.zlib","compress.bzip2"]},"readFile_userinput":{"name":"算法1 - 用户输入匹配算法","action":"log","lcs_search":false},"readFile_userinput_http":{"name":"算法2 - 用户输入匹配算法 + http 协议","action":"log"},"readFile_userinput_unwanted":{"name":"算法3 - 拦截 php:// 等异常协议","action":"log"},"readFile_outsideWebroot":{"name":"算法4 - 禁止使用 ../../ 访问web目录以外的文件","action":"ignore","reference":"https://rasp.baidu.com/doc/dev/official.html#case-out-webroot"},"readFile_unwanted":{"name":"算法5 - 文件探针算法","action":"log"},"writeFile_NTFS":{"name":"算法1 - 拦截 NTFS ::$DATA 写入操作","action":"log"},"writeFile_script":{"name":"算法2 - 拦截 php/jsp 等脚本文件的写入操作","reference":"https://rasp.baidu.com/doc/dev/official.html#case-file-write","action":"log","userinput":true,"lcs_search":false},"writeFile_reflect":{"name":"算法3 - 拦截通过反射、反序列化执行的文件写入操作","action":"log"},"deleteFile_userinput":{"name":"算法1 - 用户输入匹配，禁止使用 ../ 删除文件","action":"log","lcs_search":false},"rename_webshell":{"name":"算法1 - 通过重命名方式获取 WebShell","action":"log"},"link_webshell":{"name":"算法1 - 通过链接方式获取 WebShell","action":"log"},"directory_userinput":{"name":"算法1 - 用户输入匹配算法","action":"log","lcs_search":false},"directory_reflect":{"name":"算法2 - 通过反射调用，查看目录内容","action":"log"},"directory_unwanted":{"name":"算法3 - 尝试查看敏感目录","action":"log"},"include_userinput":{"name":"算法1 - 用户输入匹配算法","action":"log","lcs_search":false},"include_protocol":{"name":"算法2 - 尝试包含 jar:// 等异常协议","action":"log","protocols":["file","gopher","jar","netdoc","http","https","dict","php","compress.zlib","compress.bzip2","zip","rar"]},"xxe_disable_entity":{"name":"算法1 - 禁止外部实体加载（记录日志等同于完全忽略）","action":"ignore","clazz":{"java_dom":true,"java_dom4j":true,"java_jdom":true,"java_sax":true,"java_stax":true}},"xxe_protocol":{"name":"算法2 - 使用 ftp:// 等异常协议加载外部实体","action":"log","protocols":["ftp","dict","gopher","netdoc","mailto"]},"xxe_file":{"name":"算法3 - 使用 file:// 协议读取文件","reference":"https://rasp.baidu.com/doc/dev/official.html#case-xxe","action":"log"},"fileUpload_webdav":{"name":"算法1 - MOVE 方式上传脚本文件","action":"log"},"fileUpload_multipart_script":{"name":"算法2 - Multipart 方式上传 PHP/JSP 等脚本文件","action":"log"},"fileUpload_multipart_html":{"name":"算法3 - Multipart 方式上传 HTML/JS 等文件","action":"ignore"},"fileUpload_multipart_exe":{"name":"算法3 - Multipart 方式上传 DLL/EXE 等文件","action":"ignore"},"ognl_blacklist":{"name":"算法1 - OGNL语句黑名单","action":"log","expression":["ognl.OgnlContext","ognl.TypeConverter","ognl.MemberAccess","_memberAccess","ognl.ClassResolver","java.lang.Runtime","java.lang.Class","java.lang.ClassLoader","java.lang.System","java.lang.ProcessBuilder","java.lang.Object","java.lang.Shutdown","java.io.File","javax.script.ScriptEngineManager","com.opensymphony.xwork2.ActionContext"]},"command_reflect":{"name":"算法1 - 通过反射执行命令，比如反序列化、加密后门","action":"log"},"command_userinput":{"name":"算法2 - 用户输入匹配算法，包括命令注入检测","action":"log","min_length":2,"java_unexploitable_filter":true},"command_common":{"name":"算法3 - 识别常用渗透命令（探针）","action":"log","pattern":"cat.{1,5}/etc/passwd|nc.{1,30}-e.{1,100}/bin/(?:ba)?sh|bash\\s-.{0,4}i.{1,20}/dev/tcp/|subprocess.call\\(.{0,6}/bin/(?:ba)?sh|fsockopen\\(.{1,50}/bin/(?:ba)?sh|perl.{1,80}socket.{1,120}open.{1,80}exec\\(.{1,5}/bin/(?:ba)?sh"},"command_error":{"name":"算法4 - 查找语法错误和敏感操作","action":"log","unbalanced_quote_enable":true,"sensitive_cmd_enable":true,"concat_char":["|",";"],"sensitive_cmd":["curl","bash","cat","sh"],"alarm_token_enable":true,"alarm_token":["$IFS","${IFS}"]},"command_other":{"name":"算法5 - 记录或者拦截所有命令执行操作","action":"ignore"},"command_dnslog":{"name":"算法6 - dnslog类命令","action":"log","pattern_cmd":"(^|\\W)(curl|ping|wget|nslookup|dig)\\W","pattern_domain":"\\.((ceye|exeye|sslip|nip)\\.io|dnslog\\.cn|(vcap|bxss)\\.me|xip\\.(name|io)|burpcollaborator\\.net|tu4\\.org|2xss\\.cc|request\\.bin|requestbin\\.net|pipedream\\.net)"},"deserialization_blacklist":{"name":"算法1 - 反序列化黑名单过滤","action":"log","clazz":["org.apache.commons.collections.functors.ChainedTransformer","org.apache.commons.collections.functors.InvokerTransformer","org.apache.commons.collections.functors.InstantiateTransformer","org.apache.commons.collections4.functors.InvokerTransformer","org.apache.commons.collections4.functors.InstantiateTransformer","org.codehaus.groovy.runtime.ConvertedClosure","org.codehaus.groovy.runtime.MethodClosure","org.springframework.beans.factory.ObjectFactory","org.apache.xalan.xsltc.trax.TemplatesImpl","com.sun.org.apache.xalan.internal.xsltc.trax.TemplatesImpl","com.mchange.v2.c3p0.impl.PoolBackedDataSourceBase"]},"jndi_disable_all":{"name":"算法1 - 拦截所有JNDI调用","action":"log"},"dns_blacklist":{"name":"算法1 - 拦截DNS黑名单查询(比如DNSLog)","action":"log"},"xss_userinput":{"name":"算法2 - 拦截输出在响应里的反射XSS","action":"ignore","filter_regex":"<![\\-\\[A-Za-z]|<([A-Za-z]{1,12})[\\/>\\x00-\\x20]","min_length":15,"max_detection_num":10},"xss_echo":{"name":"算法1 - PHP: 禁止直接输出GPC参数","action":"log","filter_regex":"<![\\-\\[A-Za-z]|<([A-Za-z]{1,12})[\\/>\\x00-\\x20]"},"webshell_eval":{"name":"算法1 - 拦截简单的PHP中国菜刀后门","action":"log"},"webshell_command":{"name":"算法2 - 拦截简单的PHP命令执行后门","action":"log"},"webshell_file_put_contents":{"name":"算法3 - 拦截简单的PHP文件上传后门","action":"log"},"webshell_callable":{"name":"算法4 - 拦截简单的PHP array_map/walk/filter 后门","action":"log","functions":["system","exec","passthru","proc_open","shell_exec","popen","pcntl_exec","assert"]},"webshell_ld_preload":{"name":"算法5 - 拦截PHP putenv 相关后门","action":"log","env":["LD_PRELOAD","LD_AUDIT","GCONV_PATH"]},"eval_regex":{"name":"算法1 - 正则表达式","action":"ignore","regex":"base64_decode|gzuncompress|create_function"},"loadLibrary_unc":{"name":"算法1 - 拦截 UNC 路径类库加载","action":"log"},"response_dataLeak":{"name":"算法1 - 检查响应里是否有敏感信息","action":"ignore","kind":{"phone":true,"identity_card":true,"bank_card":true},"content_type":"html|json|xml"}}
2025-11-07 06:04:35,339 INFO  [main][com.baidu.openrasp.hook.AbstractClassHook] insert before method com.mysql.cj.jdbc.NonRegisteringDriver.connect(java.lang.String,java.util.Properties)
2025-11-07 06:04:35,360 INFO  [main][com.baidu.openrasp.hook.AbstractClassHook] insert after method: com.mysql.cj.jdbc.NonRegisteringDriver.connect(java.lang.String,java.util.Properties)
2025-11-07 06:04:35,370 INFO  [main][com.baidu.openrasp.hook.AbstractClassHook] insert after method: com.mysql.cj.jdbc.NonRegisteringDriver.connect(java.lang.String,java.util.Properties)
2025-11-07 06:04:42,595 INFO  [main][com.baidu.openrasp.hook.AbstractClassHook] insert before method com.mysql.cj.jdbc.ConnectionImpl.prepareStatement(java.lang.String,int,int)
2025-11-07 06:04:42,619 INFO  [main][com.baidu.openrasp.HookHandler] add catch to method: com.mysql.cj.jdbc.ConnectionImpl.prepareStatement(java.lang.String,int,int)
2025-11-07 06:04:42,626 INFO  [main][com.baidu.openrasp.hook.AbstractClassHook] insert before method com.mysql.cj.jdbc.ConnectionImpl.prepareCall(java.lang.String,int,int)
2025-11-07 06:04:42,632 INFO  [main][com.baidu.openrasp.HookHandler] add catch to method: com.mysql.cj.jdbc.ConnectionImpl.prepareCall(java.lang.String,int,int)
2025-11-07 06:04:42,911 INFO  [main][com.baidu.openrasp.hook.AbstractClassHook] insert before method com.mysql.cj.jdbc.StatementImpl.execute(java.lang.String)
2025-11-07 06:04:42,920 INFO  [main][com.baidu.openrasp.hook.AbstractClassHook] insert before method com.mysql.cj.jdbc.StatementImpl.execute(java.lang.String,int)
2025-11-07 06:04:42,931 INFO  [main][com.baidu.openrasp.hook.AbstractClassHook] insert before method com.mysql.cj.jdbc.StatementImpl.execute(java.lang.String,int[])
2025-11-07 06:04:42,942 INFO  [main][com.baidu.openrasp.hook.AbstractClassHook] insert before method com.mysql.cj.jdbc.StatementImpl.execute(java.lang.String,java.lang.String[])
2025-11-07 06:04:42,951 INFO  [main][com.baidu.openrasp.hook.AbstractClassHook] insert before method com.mysql.cj.jdbc.StatementImpl.executeUpdate(java.lang.String)
2025-11-07 06:04:42,959 INFO  [main][com.baidu.openrasp.hook.AbstractClassHook] insert before method com.mysql.cj.jdbc.StatementImpl.executeUpdate(java.lang.String,int)
2025-11-07 06:04:42,966 INFO  [main][com.baidu.openrasp.hook.AbstractClassHook] insert before method com.mysql.cj.jdbc.StatementImpl.executeUpdate(java.lang.String,int[])
2025-11-07 06:04:42,972 INFO  [main][com.baidu.openrasp.hook.AbstractClassHook] insert before method com.mysql.cj.jdbc.StatementImpl.executeUpdate(java.lang.String,java.lang.String[])
2025-11-07 06:04:43,037 INFO  [main][com.baidu.openrasp.hook.AbstractClassHook] insert before method com.mysql.cj.jdbc.StatementImpl.executeQuery(java.lang.String)
2025-11-07 06:04:43,047 INFO  [main][com.baidu.openrasp.hook.AbstractClassHook] insert before method com.mysql.cj.jdbc.StatementImpl.addBatch(java.lang.String)
2025-11-07 06:04:43,056 INFO  [main][com.baidu.openrasp.HookHandler] add catch to method: com.mysql.cj.jdbc.StatementImpl.execute(java.lang.String)
2025-11-07 06:04:43,062 INFO  [main][com.baidu.openrasp.HookHandler] add catch to method: com.mysql.cj.jdbc.StatementImpl.execute(java.lang.String,int)
2025-11-07 06:04:43,071 INFO  [main][com.baidu.openrasp.HookHandler] add catch to method: com.mysql.cj.jdbc.StatementImpl.execute(java.lang.String,int[])
2025-11-07 06:04:43,080 INFO  [main][com.baidu.openrasp.HookHandler] add catch to method: com.mysql.cj.jdbc.StatementImpl.execute(java.lang.String,java.lang.String[])
2025-11-07 06:04:43,089 INFO  [main][com.baidu.openrasp.HookHandler] add catch to method: com.mysql.cj.jdbc.StatementImpl.executeUpdate(java.lang.String)
2025-11-07 06:04:43,096 INFO  [main][com.baidu.openrasp.HookHandler] add catch to method: com.mysql.cj.jdbc.StatementImpl.executeUpdate(java.lang.String,int)
2025-11-07 06:04:43,107 INFO  [main][com.baidu.openrasp.HookHandler] add catch to method: com.mysql.cj.jdbc.StatementImpl.executeUpdate(java.lang.String,int[])
2025-11-07 06:04:43,119 INFO  [main][com.baidu.openrasp.HookHandler] add catch to method: com.mysql.cj.jdbc.StatementImpl.executeUpdate(java.lang.String,java.lang.String[])
2025-11-07 06:04:43,158 INFO  [main][com.baidu.openrasp.HookHandler] add catch to method: com.mysql.cj.jdbc.StatementImpl.executeQuery(java.lang.String)
2025-11-07 06:04:43,173 INFO  [main][com.baidu.openrasp.HookHandler] add catch to method: com.mysql.cj.jdbc.StatementImpl.addBatch(java.lang.String)
2025-11-07 06:05:11,176 INFO  [main][com.baidu.openrasp.hook.AbstractClassHook] insert before method com.sun.xml.internal.stream.XMLInputFactoryImpl.createXMLStreamReader(java.io.InputStream)
2025-11-07 06:05:11,182 INFO  [main][com.baidu.openrasp.hook.AbstractClassHook] insert before method com.sun.xml.internal.stream.XMLInputFactoryImpl.createXMLStreamReader(java.io.Reader)
2025-11-07 06:05:11,187 INFO  [main][com.baidu.openrasp.hook.AbstractClassHook] insert before method com.sun.xml.internal.stream.XMLInputFactoryImpl.createXMLStreamReader(java.lang.String,java.io.Reader)
2025-11-07 06:05:11,192 INFO  [main][com.baidu.openrasp.hook.AbstractClassHook] insert before method com.sun.xml.internal.stream.XMLInputFactoryImpl.createXMLStreamReader(javax.xml.transform.Source)
2025-11-07 06:05:11,196 INFO  [main][com.baidu.openrasp.hook.AbstractClassHook] insert before method com.sun.xml.internal.stream.XMLInputFactoryImpl.createXMLStreamReader(java.lang.String,java.io.InputStream)
2025-11-07 06:05:11,199 INFO  [main][com.baidu.openrasp.hook.AbstractClassHook] insert before method com.sun.xml.internal.stream.XMLInputFactoryImpl.createXMLStreamReader(java.io.InputStream,java.lang.String)
2025-11-07 06:05:11,203 INFO  [main][com.baidu.openrasp.hook.AbstractClassHook] insert before method com.sun.xml.internal.stream.XMLInputFactoryImpl.createXMLEventReader(java.io.InputStream)
2025-11-07 06:05:11,208 INFO  [main][com.baidu.openrasp.hook.AbstractClassHook] insert before method com.sun.xml.internal.stream.XMLInputFactoryImpl.createXMLEventReader(java.io.Reader)
2025-11-07 06:05:11,211 INFO  [main][com.baidu.openrasp.hook.AbstractClassHook] insert before method com.sun.xml.internal.stream.XMLInputFactoryImpl.createXMLEventReader(javax.xml.transform.Source)
2025-11-07 06:05:11,215 INFO  [main][com.baidu.openrasp.hook.AbstractClassHook] insert before method com.sun.xml.internal.stream.XMLInputFactoryImpl.createXMLEventReader(java.lang.String,java.io.InputStream)
2025-11-07 06:05:11,218 INFO  [main][com.baidu.openrasp.hook.AbstractClassHook] insert before method com.sun.xml.internal.stream.XMLInputFactoryImpl.createXMLEventReader(java.io.InputStream,java.lang.String)
2025-11-07 06:05:11,222 INFO  [main][com.baidu.openrasp.hook.AbstractClassHook] insert before method com.sun.xml.internal.stream.XMLInputFactoryImpl.createXMLEventReader(java.lang.String,java.io.Reader)
2025-11-07 06:05:11,225 INFO  [main][com.baidu.openrasp.hook.AbstractClassHook] insert before method com.sun.xml.internal.stream.XMLInputFactoryImpl.createXMLEventReader(javax.xml.stream.XMLStreamReader)
2025-11-07 06:06:59,927 INFO  [main][com.baidu.openrasp.config.Config] plugin.timeout.millis use the default value: 100
2025-11-07 06:06:59,929 INFO  [main][com.baidu.openrasp.config.Config] hooks.ignore: http_output
2025-11-07 06:06:59,929 INFO  [main][com.baidu.openrasp.config.Config] inject.urlprefix use the default value: 
2025-11-07 06:06:59,930 INFO  [main][com.baidu.openrasp.config.Config] request.param_encoding use the default value: 
2025-11-07 06:06:59,930 INFO  [main][com.baidu.openrasp.config.Config] body.maxbytes use the default value: 12288
2025-11-07 06:06:59,930 INFO  [main][com.baidu.openrasp.config.Config] log.maxbackup use the default value: 30
2025-11-07 06:06:59,931 INFO  [main][com.baidu.openrasp.config.Config] plugin.maxstack use the default value: 100
2025-11-07 06:06:59,936 INFO  [main][com.baidu.openrasp.config.Config] lru.max_size use the default value: 1024
2025-11-07 06:06:59,936 INFO  [main][com.baidu.openrasp.config.Config] plugin.filter use the default value: true
2025-11-07 06:06:59,936 INFO  [main][com.baidu.openrasp.config.Config] ognl.expression.minlength use the default value: 30
2025-11-07 06:06:59,937 INFO  [main][com.baidu.openrasp.config.Config] sql.slowquery.min_rows use the default value: 500
2025-11-07 06:06:59,938 INFO  [main][com.baidu.openrasp.config.Config] block.status_code use the default value: 302
2025-11-07 06:06:59,938 INFO  [main][com.baidu.openrasp.config.Config] debug.level use the default value: 0
2025-11-07 06:06:59,939 INFO  [main][com.baidu.openrasp.config.Config] clientip.header use the default value: ClientIP
2025-11-07 06:06:59,939 INFO  [main][com.baidu.openrasp.config.Config] block.redirect_url use the default value: https://rasp.baidu.com/blocked/?request_id=%request_id%
2025-11-07 06:06:59,940 INFO  [main][com.baidu.openrasp.config.Config] block.content_json use the default value: {"error":true, "reason": "Request blocked by OpenRASP", "request_id": "%request_id%"}
2025-11-07 06:06:59,940 INFO  [main][com.baidu.openrasp.config.Config] block.content_xml use the default value: <?xml version="1.0"?><doc><error>true</error><reason>Request blocked by OpenRASP</reason><request_id>%request_id%</request_id></doc>
2025-11-07 06:06:59,940 INFO  [main][com.baidu.openrasp.config.Config] block.content_html use the default value: </script><script>location.href="https://rasp.baidu.com/blocked2/?request_id=%request_id%"</script>
2025-11-07 06:06:59,941 INFO  [main][com.baidu.openrasp.config.Config] cloud.enable: true
2025-11-07 06:06:59,941 INFO  [main][com.baidu.openrasp.config.Config] cloud.backend_url: http://192.168.203.141:8086
2025-11-07 06:06:59,941 INFO  [main][com.baidu.openrasp.config.Config] cloud.app_id: 0c91b98f2aa79983228f10fc37725da726bd31d6
2025-11-07 06:06:59,942 INFO  [main][com.baidu.openrasp.config.Config] cloud.app_secret: O3HUqrDFqauBGqsHhkp0yxyMc87lU83NuIGxQBoStIU
2025-11-07 06:06:59,942 INFO  [main][com.baidu.openrasp.config.Config] rasp.id use the default value: 
2025-11-07 06:06:59,943 INFO  [main][com.baidu.openrasp.config.Config] syslog.enable use the default value: false
2025-11-07 06:06:59,943 INFO  [main][com.baidu.openrasp.config.Config] syslog.url use the default value: 
2025-11-07 06:06:59,943 INFO  [main][com.baidu.openrasp.config.Config] syslog.tag use the default value: OPENRASP
2025-11-07 06:06:59,944 INFO  [main][com.baidu.openrasp.config.Config] syslog.facility use the default value: 1
2025-11-07 06:06:59,944 INFO  [main][com.baidu.openrasp.config.Config] syslog.reconnect_interval use the default value: 300000
2025-11-07 06:06:59,945 INFO  [main][com.baidu.openrasp.config.Config] log.maxburst use the default value: 100
2025-11-07 06:06:59,945 INFO  [main][com.baidu.openrasp.config.Config] cloud.heartbeat_interval use the default value: 90
2025-11-07 06:06:59,950 INFO  [main][com.baidu.openrasp.config.Config] hook.white use the default value: {}
2025-11-07 06:06:59,950 INFO  [main][com.baidu.openrasp.config.Config] hook.white.ALL use the default value: true
2025-11-07 06:06:59,951 INFO  [main][com.baidu.openrasp.config.Config] decompile.enable use the default value: false
2025-11-07 06:06:59,956 INFO  [main][com.baidu.openrasp.config.Config] inject.custom_headers: {X-Protected-By=OpenRASP}
2025-11-07 06:06:59,957 INFO  [main][com.baidu.openrasp.config.Config] dependency_check.interval use the default value: 21600
2025-11-07 06:06:59,957 INFO  [main][com.baidu.openrasp.config.Config] dependency_check.enable use the default value: false
2025-11-07 06:06:59,972 INFO  [main][com.baidu.openrasp.config.Config] security.weak_passwords use the default value: [111111, 123, 123123, 123456, 123456a, a123456, admin, both, manager, mysql, root, rootweblogic, tomcat, user, weblogic1, weblogic123, welcome1]
2025-11-07 06:06:59,973 INFO  [main][com.baidu.openrasp.config.Config] cpu.usage.percent use the default value: 90
2025-11-07 06:07:00,192 INFO  [main][com.baidu.openrasp.config.Config] cpu.usage.enable use the default value: false
2025-11-07 06:07:00,193 INFO  [main][com.baidu.openrasp.config.Config] cpu.usage.interval use the default value: 5
2025-11-07 06:07:00,193 INFO  [main][com.baidu.openrasp.config.Config] openrasp.ssl_verifypeer use the default value: false
2025-11-07 06:07:00,193 INFO  [main][com.baidu.openrasp.config.Config] file_monitor.mode use the default value: scan
2025-11-07 06:07:00,193 INFO  [main][com.baidu.openrasp.config.Config] file_monitor.interval use the default value: 3
2025-11-07 06:07:00,194 INFO  [main][com.baidu.openrasp.config.Config] iast.enable use the default value: false
2025-11-07 06:07:00,194 INFO  [main][com.baidu.openrasp.config.Config] lru.compare_enable use the default value: false
2025-11-07 06:07:00,194 INFO  [main][com.baidu.openrasp.config.Config] lru.compare_limit use the default value: 10240
2025-11-07 06:07:00,195 INFO  [main][com.baidu.openrasp.config.Config] response.sampler_interval use the default value: 60
2025-11-07 06:07:00,195 INFO  [main][com.baidu.openrasp.config.Config] response.sampler_burst use the default value: 5
2025-11-07 06:07:00,196 INFO  [main][com.baidu.openrasp.config.Config] baseDirectory: /home/enen/projects/bailianyingyong/chatbotAi/rasp
2025-11-07 06:07:00,878 INFO  [main][com.baidu.openrasp.transformer.CustomClassTransformer] ignore hook type http_output, class com.baidu.openrasp.hook.server.bes.BESHttpResponseHook
2025-11-07 06:07:00,881 INFO  [main][com.baidu.openrasp.transformer.CustomClassTransformer] ignore hook type http_output, class com.baidu.openrasp.hook.server.resin.ResinOutputCloseHook
2025-11-07 06:07:00,882 INFO  [main][com.baidu.openrasp.transformer.CustomClassTransformer] ignore hook type http_output, class com.baidu.openrasp.hook.server.websphere.WebsphereHttpOutputHook
2025-11-07 06:07:00,886 INFO  [main][com.baidu.openrasp.transformer.CustomClassTransformer] ignore hook type http_output, class com.baidu.openrasp.hook.server.tongweb7.Tongweb7OutputBufferHook
2025-11-07 06:07:00,895 INFO  [main][com.baidu.openrasp.transformer.CustomClassTransformer] ignore hook type http_output, class com.baidu.openrasp.hook.server.jetty.JettyHttpOutputHook
2025-11-07 06:07:00,897 INFO  [main][com.baidu.openrasp.transformer.CustomClassTransformer] ignore hook type http_output, class com.baidu.openrasp.hook.server.wildfly.UndertowOutputHook
2025-11-07 06:07:00,898 INFO  [main][com.baidu.openrasp.transformer.CustomClassTransformer] ignore hook type http_output, class com.baidu.openrasp.hook.server.weblogic.WeblogicHttpOutputHook
2025-11-07 06:07:00,901 INFO  [main][com.baidu.openrasp.transformer.CustomClassTransformer] ignore hook type http_output, class com.baidu.openrasp.hook.server.tongweb.TongwebHttpResponseHook
2025-11-07 06:07:00,901 INFO  [main][com.baidu.openrasp.transformer.CustomClassTransformer] ignore hook type http_output, class com.baidu.openrasp.hook.server.catalina.CatalinaOutputBufferHook
2025-11-07 06:07:01,451 INFO  [main][com.baidu.openrasp.hook.AbstractClassHook] insert before method java.net.InetAddress.getAllByName(java.lang.String)
2025-11-07 06:07:01,628 INFO  [main][com.baidu.openrasp.hook.AbstractClassHook] insert before method java.lang.ProcessImpl(byte[],byte[],int,byte[],int,byte[],int[],boolean,boolean)
2025-11-07 06:07:01,723 INFO  [main][com.baidu.openrasp.hook.AbstractClassHook] insert before method java.io.RandomAccessFile(java.io.File,java.lang.String)
2025-11-07 06:07:01,775 INFO  [main][com.baidu.openrasp.hook.AbstractClassHook] insert before method java.io.RandomAccessFile(java.io.File,java.lang.String)
2025-11-07 06:07:01,851 INFO  [main][com.baidu.openrasp.hook.AbstractClassHook] insert before method java.nio.file.Files.newDirectoryStream(java.nio.file.Path)
2025-11-07 06:07:01,949 INFO  [main][com.baidu.openrasp.hook.AbstractClassHook] insert before method java.nio.file.Files.readAllBytes(java.nio.file.Path)
2025-11-07 06:07:01,978 INFO  [main][com.baidu.openrasp.hook.AbstractClassHook] insert before method java.nio.file.Files.newInputStream(java.nio.file.Path,java.nio.file.OpenOption[])
2025-11-07 06:07:02,090 INFO  [main][com.baidu.openrasp.hook.AbstractClassHook] insert before method java.nio.file.Files.copy(java.nio.file.Path,java.nio.file.Path,java.nio.file.CopyOption[])
2025-11-07 06:07:02,119 INFO  [main][com.baidu.openrasp.hook.AbstractClassHook] insert before method java.nio.file.Files.move(java.nio.file.Path,java.nio.file.Path,java.nio.file.CopyOption[])
2025-11-07 06:07:02,149 INFO  [main][com.baidu.openrasp.hook.AbstractClassHook] insert before method java.nio.file.Files.createLink(java.nio.file.Path,java.nio.file.Path)
2025-11-07 06:07:02,269 INFO  [main][com.baidu.openrasp.hook.AbstractClassHook] insert before method java.nio.file.Files.delete(java.nio.file.Path)
2025-11-07 06:07:02,287 INFO  [main][com.baidu.openrasp.hook.AbstractClassHook] insert before method java.nio.file.Files.deleteIfExists(java.nio.file.Path)
2025-11-07 06:07:02,472 INFO  [main][com.baidu.openrasp.hook.AbstractClassHook] insert before method java.nio.file.Files.createFile(java.nio.file.Path,java.nio.file.attribute.FileAttribute[])
2025-11-07 06:07:02,498 INFO  [main][com.baidu.openrasp.hook.AbstractClassHook] insert before method java.nio.file.Files.newOutputStream(java.nio.file.Path,java.nio.file.OpenOption[])
2025-11-07 06:07:02,775 INFO  [main][com.baidu.openrasp.hook.AbstractClassHook] insert before method java.io.File.renameTo(java.io.File)
2025-11-07 06:07:02,867 INFO  [main][com.baidu.openrasp.hook.AbstractClassHook] insert before method java.io.File.delete()
2025-11-07 06:07:02,962 INFO  [main][com.baidu.openrasp.hook.AbstractClassHook] insert before method java.io.File.list()
2025-11-07 06:07:03,095 INFO  [main][com.baidu.openrasp.hook.AbstractClassHook] insert before method java.io.FileOutputStream(java.io.File,boolean)
2025-11-07 06:07:03,200 INFO  [main][com.baidu.openrasp.hook.AbstractClassHook] insert before method java.io.FileInputStream(java.io.File)
2025-11-07 06:07:03,330 INFO  [main][com.baidu.openrasp.EngineBoot] [OpenRASP] Engine Initialized [1.3.7 (build: GitCommit=97839b3 date=2023-03-31T08:56:34Z)]
2025-11-07 06:07:29,669 INFO  [main][com.baidu.openrasp.hook.AbstractClassHook] insert before method java.io.ObjectInputStream.resolveClass(java.io.ObjectStreamClass)
2025-11-07 06:07:31,302 INFO  [main][com.baidu.openrasp.HookHandler] detect server: tomcat/10.1.31.0
2025-11-07 06:07:31,318 INFO  [main][com.baidu.openrasp.HookHandler] detect server class: org/apache/catalina/Server
2025-11-07 06:07:32,066 INFO  [OpenRASP Register Thread][com.baidu.openrasp.hook.AbstractClassHook] insert before method sun.net.www.protocol.http.HttpURLConnection.getInputStream()
2025-11-07 06:07:32,112 INFO  [OpenRASP Register Thread][com.baidu.openrasp.hook.AbstractClassHook] insert after method: sun.net.www.protocol.http.HttpURLConnection.getInputStream()
2025-11-07 06:07:32,220 INFO  [OpenRASP Register Thread][com.baidu.openrasp.hook.AbstractClassHook] insert after method: sun.net.www.protocol.http.HttpURLConnection.followRedirect()
2025-11-07 06:07:32,357 INFO  [main][com.baidu.openrasp.hook.AbstractClassHook] insert before method org.apache.coyote.Response.doWrite(java.nio.ByteBuffer)
2025-11-07 06:07:32,633 INFO  [OpenRASP Register Thread][com.baidu.openrasp.cloud.log] [OpenRASP] RASP agent successfully registered, registration details are as follows: 
{"rasp_home":"/home/enen/projects/bailianyingyong/chatbotAi/rasp","hostname":"enen","os":"Linux","language":"java","id":"c31d72c38cdff7a634259d4bf9da5a60","language_version":"17.0.16","register_ip":"192.168.203.141","server_version":"10.1.31.0","version":"1.3.7","heartbeat_interval":90,"server_type":"tomcat","environ":{"PATH":"/home/enen/.npm-global/bin:/usr/local/sbin:/usr/local/bin:/usr/sbin:/usr/bin:/sbin:/bin:/usr/games:/usr/local/games:/snap/bin:/usr/lib/go/bin:/home/enen/go","LESSCLOSE":"/usr/bin/lesspipe %s %s","XDG_DATA_DIRS":"/usr/local/share:/usr/share:/var/lib/snapd/desktop","TERM":"xterm","DBUS_SESSION_BUS_ADDRESS":"unix:path\u003d/run/user/1000/bus","LANG":"en_US.UTF-8","XDG_SESSION_ID":"339","XDG_SESSION_TYPE":"tty","GOPROXY":"https://goproxy.cn,direct","DISPLAY":"localhost:14.0","LOGNAME":"enen","PWD":"/home/enen/projects/bailianyingyong/chatbotAi","_":"/usr/bin/java","XDG_SESSION_CLASS":"user","LESSOPEN":"| /usr/bin/lesspipe %s","SHELL":"/bin/bash","SSH_TTY":"/dev/pts/7","SSH_CLIENT":"192.168.203.1 51096 22","OLDPWD":"/home/enen","GOPATH":"/home/enen/go","USER":"enen","GOROOT":"/usr/lib/go","GO111MODULE":"on","SSH_CONNECTION":"192.168.203.1 51096 192.168.203.141 22","XDG_RUNTIME_DIR":"/run/user/1000","LS_COLORS":"rs\u003d0:di\u003d01;34:ln\u003d01;36:mh\u003d00:pi\u003d40;33:so\u003d01;35:do\u003d01;35:bd\u003d40;33;01:cd\u003d40;33;01:or\u003d40;31;01:mi\u003d00:su\u003d37;41:sg\u003d30;43:ca\u003d00:tw\u003d30;42:ow\u003d34;42:st\u003d37;44:ex\u003d01;32:*.tar\u003d01;31:*.tgz\u003d01;31:*.arc\u003d01;31:*.arj\u003d01;31:*.taz\u003d01;31:*.lha\u003d01;31:*.lz4\u003d01;31:*.lzh\u003d01;31:*.lzma\u003d01;31:*.tlz\u003d01;31:*.txz\u003d01;31:*.tzo\u003d01;31:*.t7z\u003d01;31:*.zip\u003d01;31:*.z\u003d01;31:*.dz\u003d01;31:*.gz\u003d01;31:*.lrz\u003d01;31:*.lz\u003d01;31:*.lzo\u003d01;31:*.xz\u003d01;31:*.zst\u003d01;31:*.tzst\u003d01;31:*.bz2\u003d01;31:*.bz\u003d01;31:*.tbz\u003d01;31:*.tbz2\u003d01;31:*.tz\u003d01;31:*.deb\u003d01;31:*.rpm\u003d01;31:*.jar\u003d01;31:*.war\u003d01;31:*.ear\u003d01;31:*.sar\u003d01;31:*.rar\u003d01;31:*.alz\u003d01;31:*.ace\u003d01;31:*.zoo\u003d01;31:*.cpio\u003d01;31:*.7z\u003d01;31:*.rz\u003d01;31:*.cab\u003d01;31:*.wim\u003d01;31:*.swm\u003d01;31:*.dwm\u003d01;31:*.esd\u003d01;31:*.avif\u003d01;35:*.jpg\u003d01;35:*.jpeg\u003d01;35:*.mjpg\u003d01;35:*.mjpeg\u003d01;35:*.gif\u003d01;35:*.bmp\u003d01;35:*.pbm\u003d01;35:*.pgm\u003d01;35:*.ppm\u003d01;35:*.tga\u003d01;35:*.xbm\u003d01;35:*.xpm\u003d01;35:*.tif\u003d01;35:*.tiff\u003d01;35:*.png\u003d01;35:*.svg\u003d01;35:*.svgz\u003d01;35:*.mng\u003d01;35:*.pcx\u003d01;35:*.mov\u003d01;35:*.mpg\u003d01;35:*.mpeg\u003d01;35:*.m2v\u003d01;35:*.mkv\u003d01;35:*.webm\u003d01;35:*.webp\u003d01;35:*.ogm\u003d01;35:*.mp4\u003d01;35:*.m4v\u003d01;35:*.mp4v\u003d01;35:*.vob\u003d01;35:*.qt\u003d01;35:*.nuv\u003d01;35:*.wmv\u003d01;35:*.asf\u003d01;35:*.rm\u003d01;35:*.rmvb\u003d01;35:*.flc\u003d01;35:*.avi\u003d01;35:*.fli\u003d01;35:*.flv\u003d01;35:*.gl\u003d01;35:*.dl\u003d01;35:*.xcf\u003d01;35:*.xwd\u003d01;35:*.yuv\u003d01;35:*.cgm\u003d01;35:*.emf\u003d01;35:*.ogv\u003d01;35:*.ogx\u003d01;35:*.aac\u003d00;36:*.au\u003d00;36:*.flac\u003d00;36:*.m4a\u003d00;36:*.mid\u003d00;36:*.midi\u003d00;36:*.mka\u003d00;36:*.mp3\u003d00;36:*.mpc\u003d00;36:*.ogg\u003d00;36:*.ra\u003d00;36:*.wav\u003d00;36:*.oga\u003d00;36:*.opus\u003d00;36:*.spx\u003d00;36:*.xspf\u003d00;36:*~\u003d00;90:*#\u003d00;90:*.bak\u003d00;90:*.crdownload\u003d00;90:*.dpkg-dist\u003d00;90:*.dpkg-new\u003d00;90:*.dpkg-old\u003d00;90:*.dpkg-tmp\u003d00;90:*.old\u003d00;90:*.orig\u003d00;90:*.part\u003d00;90:*.rej\u003d00;90:*.rpmnew\u003d00;90:*.rpmorig\u003d00;90:*.rpmsave\u003d00;90:*.swp\u003d00;90:*.tmp\u003d00;90:*.ucf-dist\u003d00;90:*.ucf-new\u003d00;90:*.ucf-old\u003d00;90:","SHLVL":"1","HOME":"/home/enen"}}
2025-11-07 06:07:33,490 INFO  [OpenRASP Heartbeat Thread][com.baidu.openrasp.config.Config] plugin.maxstack: 100
2025-11-07 06:07:33,491 INFO  [OpenRASP Heartbeat Thread][com.baidu.openrasp.config.Config] block.redirect_url: https://rasp.baidu.com/blocked/?request_id=%request_id%
2025-11-07 06:07:33,491 INFO  [OpenRASP Heartbeat Thread][com.baidu.openrasp.config.Config] dependency_check.interval: 43200
2025-11-07 06:07:33,498 INFO  [OpenRASP Heartbeat Thread][com.baidu.openrasp.config.Config] hook.white: {}
2025-11-07 06:07:33,500 INFO  [OpenRASP Heartbeat Thread][com.baidu.openrasp.config.Config] plugin.filter: true
2025-11-07 06:07:33,501 INFO  [OpenRASP Heartbeat Thread][com.baidu.openrasp.config.Config] debug.level: 0
2025-11-07 06:07:33,504 INFO  [OpenRASP Heartbeat Thread][com.baidu.openrasp.config.Config] block.content_json: {"error":true,"reason": "Request blocked by OpenRASP","request_id": "%request_id%"}
2025-11-07 06:07:33,505 INFO  [OpenRASP Heartbeat Thread][com.baidu.openrasp.config.Config] decompile.enable: false
2025-11-07 06:07:33,506 INFO  [OpenRASP Heartbeat Thread][com.baidu.openrasp.config.Config] response.sampler_burst: 5
2025-11-07 06:07:33,510 INFO  [OpenRASP Heartbeat Thread][com.baidu.openrasp.config.Config] syslog.facility: 1
2025-11-07 06:07:33,510 INFO  [OpenRASP Heartbeat Thread][com.baidu.openrasp.config.Config] syslog.tag: OpenRASP
2025-11-07 06:07:33,510 INFO  [OpenRASP Heartbeat Thread][com.baidu.openrasp.config.Config] block.content_xml: <?xml version="1.0"?><doc><error>true</error><reason>Request blocked by OpenRASP</reason><request_id>%request_id%</request_id></doc>
2025-11-07 06:07:33,511 INFO  [OpenRASP Heartbeat Thread][com.baidu.openrasp.config.Config] lru.compare_enable: false
2025-11-07 06:07:33,527 INFO  [OpenRASP Heartbeat Thread][com.baidu.openrasp.config.Config] security.weak_passwords: [111111, 123, 123123, 123456, 123456a, a123456, admin, both, manager, mysql, root, rootweblogic, tomcat, user, weblogic1, weblogic123, welcome1]
2025-11-07 06:07:33,531 INFO  [OpenRASP Heartbeat Thread][com.baidu.openrasp.config.Config] syslog.url: 
2025-11-07 06:07:33,531 INFO  [OpenRASP Heartbeat Thread][com.baidu.openrasp.config.Config] body.maxbytes: 12288
2025-11-07 06:07:33,531 INFO  [OpenRASP Heartbeat Thread][com.baidu.openrasp.config.Config] cpu.usage.enable: false
2025-11-07 06:07:33,531 INFO  [OpenRASP Heartbeat Thread][com.baidu.openrasp.config.Config] ognl.expression.minlength: 30
2025-11-07 06:07:33,531 INFO  [OpenRASP Heartbeat Thread][com.baidu.openrasp.config.Config] log.maxburst: 100
2025-11-07 06:07:33,532 INFO  [OpenRASP Heartbeat Thread][com.baidu.openrasp.config.Config] log.maxbackup: 30
2025-11-07 06:07:33,532 INFO  [OpenRASP Heartbeat Thread][com.baidu.openrasp.config.Config] block.content_html: </script><script>location.href="https://rasp.baidu.com/blocked2/?request_id=%request_id%"</script>
2025-11-07 06:07:33,549 WARN  [OpenRASP Heartbeat Thread][com.baidu.openrasp.messaging.LogTool] [E20004] Unknown config key [fileleak_scan.interval] found in cloud configuration: 
2025-11-07 06:07:33,660 INFO  [main][com.baidu.openrasp.hook.AbstractClassHook] insert before method org.apache.catalina.connector.CoyoteAdapter.service(org.apache.coyote.Request,org.apache.coyote.Response)
2025-11-07 06:07:33,668 INFO  [OpenRASP Heartbeat Thread][com.baidu.openrasp.config.Config] cpu.usage.interval: 5
2025-11-07 06:07:33,668 INFO  [OpenRASP Heartbeat Thread][com.baidu.openrasp.config.Config] lru.compare_limit: 10240
2025-11-07 06:07:33,676 INFO  [OpenRASP Heartbeat Thread][com.baidu.openrasp.config.Config] lru.max_size: 1000
2025-11-07 06:07:33,678 INFO  [OpenRASP Heartbeat Thread][com.baidu.openrasp.config.Config] inject.custom_headers: {X-Protected-By=OpenRASP}
2025-11-07 06:07:33,688 INFO  [OpenRASP Heartbeat Thread][com.baidu.openrasp.config.Config] plugin.timeout.millis: 100
2025-11-07 06:07:33,688 WARN  [OpenRASP Heartbeat Thread][com.baidu.openrasp.messaging.LogTool] [E20004] Unknown config key [fileleak_scan.name] found in cloud configuration: 
2025-11-07 06:07:33,739 WARN  [OpenRASP Heartbeat Thread][com.baidu.openrasp.messaging.LogTool] [E20004] Unknown config key [log.maxstack] found in cloud configuration: 
2025-11-07 06:07:33,771 WARN  [OpenRASP Heartbeat Thread][com.baidu.openrasp.messaging.LogTool] [E20004] Unknown config key [fileleak_scan.limit] found in cloud configuration: 
2025-11-07 06:07:33,827 WARN  [OpenRASP Heartbeat Thread][com.baidu.openrasp.messaging.LogTool] [E20004] Unknown config key [offline_hosts.cleanup.interval] found in cloud configuration: 
2025-11-07 06:07:33,856 INFO  [OpenRASP Heartbeat Thread][com.baidu.openrasp.config.Config] request.param_encoding: 
2025-11-07 06:07:33,863 INFO  [OpenRASP Heartbeat Thread][com.baidu.openrasp.config.Config] cpu.usage.percent: 90
2025-11-07 06:07:33,864 INFO  [OpenRASP Heartbeat Thread][com.baidu.openrasp.config.Config] block.status_code: 302
2025-11-07 06:07:33,864 INFO  [OpenRASP Heartbeat Thread][com.baidu.openrasp.config.Config] clientip.header: ClientIP
2025-11-07 06:07:33,870 INFO  [OpenRASP Heartbeat Thread][com.baidu.openrasp.config.Config] response.sampler_interval: 60
2025-11-07 06:07:33,870 INFO  [OpenRASP Heartbeat Thread][com.baidu.openrasp.config.Config] syslog.enable: false
2025-11-07 06:07:34,237 WARN  [OpenRASP Heartbeat Thread][com.baidu.openrasp.config.Config] the value of sql_exception.mysql.error_code is null
2025-11-07 06:07:34,244 WARN  [OpenRASP Heartbeat Thread][com.baidu.openrasp.config.Config] the value of sql_exception.sqlite.error_code is null
2025-11-07 06:07:34,245 WARN  [OpenRASP Heartbeat Thread][com.baidu.openrasp.config.Config] the value of sql_exception.oracle.error_code is null
2025-11-07 06:07:34,249 WARN  [OpenRASP Heartbeat Thread][com.baidu.openrasp.config.Config] the value of sql_exception.db2.error_code is null
2025-11-07 06:07:34,250 INFO  [OpenRASP Heartbeat Thread][com.baidu.openrasp.config.Config] sql error codes: {oracle=[1756, 907, 19202, 20000, 1740, 29257, 920, 933, 911, 904], sqlite=[1], hsql=[-5590, -5584, -5583], mysql=[1105, 1367, 1064, 1062, 1060]}
2025-11-07 06:07:34,253 INFO  [OpenRASP Heartbeat Thread][com.baidu.openrasp.config.Config] sql error states: {db2=[42603], hsql=[42583, 42584, 42590]}
2025-11-07 06:07:34,253 WARN  [OpenRASP Heartbeat Thread][com.baidu.openrasp.config.Config] failed to get the log_regex.regex element from algorithm config
2025-11-07 06:07:34,258 INFO  [OpenRASP Heartbeat Thread][com.baidu.openrasp.config.Config] log_regex.regex: {}
2025-11-07 06:07:34,259 INFO  [OpenRASP Heartbeat Thread][com.baidu.openrasp.config.Config] algorithm.config: {"meta":{"all_log":true,"is_dev":false,"log_event":false,"schema_version":1},"sql_userinput":{"name":"算法1 - 用户输入匹配算法","action":"log","min_length":8,"pre_filter":"select|file|from|;","pre_enable":false,"anti_detect_filter":"add|all|alter|analyze|and|any|as|asc|avg|begin|between|by|case|create|count|delete|desc|do|dumpfile|else|elseif|end|exists|false|file|float|flush|follows|from|group|having|identified|if|in|insert|interval|into|join|last|like|limit|loop|not|null|on|or|order|procedure|regexp|return|rlike|select|then|true|union|update|values|xor","anti_detect_enable":true,"lcs_search":false,"allow_full":true},"sql_policy":{"name":"算法2 - 拦截异常SQL语句","action":"log","pre_filter":";|\\/\\*|(?:\\d{1,2}\\s*,\\s*){2}|(?:null\\s*,\\s*){2}|0x[\\da-f]{8}|\\W(information_schema|outfile|dumpfile|load_file|benchmark|pg_sleep|sleep|is_srvrolemember|updatexml|extractvalue|hex|char|chr|mid|ord|ascii|bin)\\W","feature":{"stacked_query":false,"no_hex":false,"version_comment":true,"function_blacklist":true,"function_count":false,"union_null":true,"into_outfile":true,"information_schema":false},"function_blacklist":{"load_file":true,"benchmark":true,"sleep":true,"pg_sleep":true,"is_srvrolemember":true,"updatexml":true,"extractvalue":true,"hex":false,"mid":false,"ord":false,"ascii":false,"bin":false},"function_count":{"chr":5,"char":5}},"sql_exception":{"name":"算法3 - 记录数据库异常","action":"log","reference":"https://rasp.baidu.com/doc/dev/official.html#sql-exception","mysql":{"error_code":[1060,1062,1064,1105,1367]},"pgsql":{"error_code":["42601","22P02"],"error_state":["42601","22P02"]},"sqlite":{"error_code":[1]},"oracle":{"error_code":[933,29257,20000,904,19202,1756,1740,920,907,911]},"hsql":{"error_code":[-5583,-5584,-5590],"error_state":["42583","42584","42590"]},"mssql":{"error_code":[105,245]},"db2":{"error_state":["42603"]}},"sql_regex":{"name":"算法4 - 正则表达式算法","action":"ignore","regex":"information_schema"},"ssrf_userinput":{"name":"算法1 - 用户输入匹配算法（支持 rebind 检测）","action":"log"},"ssrf_aws":{"name":"算法2 - 拦截 AWS/Aliyun/GCP metadata 访问","action":"log"},"ssrf_common":{"name":"算法3 - 拦截常见 dnslog 地址","action":"log"},"ssrf_obfuscate":{"name":"算法4 - 拦截混淆地址","action":"ignore"},"ssrf_protocol":{"name":"算法5 - 拦截 php:// 等异常协议","action":"log","protocols":["file","gopher","local_file","local-file","jar","netdoc","dict","php","phar","compress.zlib","compress.bzip2"]},"readFile_userinput":{"name":"算法1 - 用户输入匹配算法","action":"log","lcs_search":false},"readFile_userinput_http":{"name":"算法2 - 用户输入匹配算法 + http 协议","action":"log"},"readFile_userinput_unwanted":{"name":"算法3 - 拦截 php:// 等异常协议","action":"log"},"readFile_outsideWebroot":{"name":"算法4 - 禁止使用 ../../ 访问web目录以外的文件","action":"ignore","reference":"https://rasp.baidu.com/doc/dev/official.html#case-out-webroot"},"readFile_unwanted":{"name":"算法5 - 文件探针算法","action":"log"},"writeFile_NTFS":{"name":"算法1 - 拦截 NTFS ::$DATA 写入操作","action":"log"},"writeFile_script":{"name":"算法2 - 拦截 php/jsp 等脚本文件的写入操作","reference":"https://rasp.baidu.com/doc/dev/official.html#case-file-write","action":"log","userinput":true,"lcs_search":false},"writeFile_reflect":{"name":"算法3 - 拦截通过反射、反序列化执行的文件写入操作","action":"log"},"deleteFile_userinput":{"name":"算法1 - 用户输入匹配，禁止使用 ../ 删除文件","action":"log","lcs_search":false},"rename_webshell":{"name":"算法1 - 通过重命名方式获取 WebShell","action":"log"},"link_webshell":{"name":"算法1 - 通过链接方式获取 WebShell","action":"log"},"directory_userinput":{"name":"算法1 - 用户输入匹配算法","action":"log","lcs_search":false},"directory_reflect":{"name":"算法2 - 通过反射调用，查看目录内容","action":"log"},"directory_unwanted":{"name":"算法3 - 尝试查看敏感目录","action":"log"},"include_userinput":{"name":"算法1 - 用户输入匹配算法","action":"log","lcs_search":false},"include_protocol":{"name":"算法2 - 尝试包含 jar:// 等异常协议","action":"log","protocols":["file","gopher","jar","netdoc","http","https","dict","php","compress.zlib","compress.bzip2","zip","rar"]},"xxe_disable_entity":{"name":"算法1 - 禁止外部实体加载（记录日志等同于完全忽略）","action":"ignore","clazz":{"java_dom":true,"java_dom4j":true,"java_jdom":true,"java_sax":true,"java_stax":true}},"xxe_protocol":{"name":"算法2 - 使用 ftp:// 等异常协议加载外部实体","action":"log","protocols":["ftp","dict","gopher","netdoc","mailto"]},"xxe_file":{"name":"算法3 - 使用 file:// 协议读取文件","reference":"https://rasp.baidu.com/doc/dev/official.html#case-xxe","action":"log"},"fileUpload_webdav":{"name":"算法1 - MOVE 方式上传脚本文件","action":"log"},"fileUpload_multipart_script":{"name":"算法2 - Multipart 方式上传 PHP/JSP 等脚本文件","action":"log"},"fileUpload_multipart_html":{"name":"算法3 - Multipart 方式上传 HTML/JS 等文件","action":"ignore"},"fileUpload_multipart_exe":{"name":"算法3 - Multipart 方式上传 DLL/EXE 等文件","action":"ignore"},"ognl_blacklist":{"name":"算法1 - OGNL语句黑名单","action":"log","expression":["ognl.OgnlContext","ognl.TypeConverter","ognl.MemberAccess","_memberAccess","ognl.ClassResolver","java.lang.Runtime","java.lang.Class","java.lang.ClassLoader","java.lang.System","java.lang.ProcessBuilder","java.lang.Object","java.lang.Shutdown","java.io.File","javax.script.ScriptEngineManager","com.opensymphony.xwork2.ActionContext"]},"command_reflect":{"name":"算法1 - 通过反射执行命令，比如反序列化、加密后门","action":"log"},"command_userinput":{"name":"算法2 - 用户输入匹配算法，包括命令注入检测","action":"log","min_length":2,"java_unexploitable_filter":true},"command_common":{"name":"算法3 - 识别常用渗透命令（探针）","action":"log","pattern":"cat.{1,5}/etc/passwd|nc.{1,30}-e.{1,100}/bin/(?:ba)?sh|bash\\s-.{0,4}i.{1,20}/dev/tcp/|subprocess.call\\(.{0,6}/bin/(?:ba)?sh|fsockopen\\(.{1,50}/bin/(?:ba)?sh|perl.{1,80}socket.{1,120}open.{1,80}exec\\(.{1,5}/bin/(?:ba)?sh"},"command_error":{"name":"算法4 - 查找语法错误和敏感操作","action":"log","unbalanced_quote_enable":true,"sensitive_cmd_enable":true,"concat_char":["|",";"],"sensitive_cmd":["curl","bash","cat","sh"],"alarm_token_enable":true,"alarm_token":["$IFS","${IFS}"]},"command_other":{"name":"算法5 - 记录或者拦截所有命令执行操作","action":"ignore"},"command_dnslog":{"name":"算法6 - dnslog类命令","action":"log","pattern_cmd":"(^|\\W)(curl|ping|wget|nslookup|dig)\\W","pattern_domain":"\\.((ceye|exeye|sslip|nip)\\.io|dnslog\\.cn|(vcap|bxss)\\.me|xip\\.(name|io)|burpcollaborator\\.net|tu4\\.org|2xss\\.cc|request\\.bin|requestbin\\.net|pipedream\\.net)"},"deserialization_blacklist":{"name":"算法1 - 反序列化黑名单过滤","action":"log","clazz":["org.apache.commons.collections.functors.ChainedTransformer","org.apache.commons.collections.functors.InvokerTransformer","org.apache.commons.collections.functors.InstantiateTransformer","org.apache.commons.collections4.functors.InvokerTransformer","org.apache.commons.collections4.functors.InstantiateTransformer","org.codehaus.groovy.runtime.ConvertedClosure","org.codehaus.groovy.runtime.MethodClosure","org.springframework.beans.factory.ObjectFactory","org.apache.xalan.xsltc.trax.TemplatesImpl","com.sun.org.apache.xalan.internal.xsltc.trax.TemplatesImpl","com.mchange.v2.c3p0.impl.PoolBackedDataSourceBase"]},"jndi_disable_all":{"name":"算法1 - 拦截所有JNDI调用","action":"log"},"dns_blacklist":{"name":"算法1 - 拦截DNS黑名单查询(比如DNSLog)","action":"log"},"xss_userinput":{"name":"算法2 - 拦截输出在响应里的反射XSS","action":"ignore","filter_regex":"<![\\-\\[A-Za-z]|<([A-Za-z]{1,12})[\\/>\\x00-\\x20]","min_length":15,"max_detection_num":10},"xss_echo":{"name":"算法1 - PHP: 禁止直接输出GPC参数","action":"log","filter_regex":"<![\\-\\[A-Za-z]|<([A-Za-z]{1,12})[\\/>\\x00-\\x20]"},"webshell_eval":{"name":"算法1 - 拦截简单的PHP中国菜刀后门","action":"log"},"webshell_command":{"name":"算法2 - 拦截简单的PHP命令执行后门","action":"log"},"webshell_file_put_contents":{"name":"算法3 - 拦截简单的PHP文件上传后门","action":"log"},"webshell_callable":{"name":"算法4 - 拦截简单的PHP array_map/walk/filter 后门","action":"log","functions":["system","exec","passthru","proc_open","shell_exec","popen","pcntl_exec","assert"]},"webshell_ld_preload":{"name":"算法5 - 拦截PHP putenv 相关后门","action":"log","env":["LD_PRELOAD","LD_AUDIT","GCONV_PATH"]},"eval_regex":{"name":"算法1 - 正则表达式","action":"ignore","regex":"base64_decode|gzuncompress|create_function"},"loadLibrary_unc":{"name":"算法1 - 拦截 UNC 路径类库加载","action":"log"},"response_dataLeak":{"name":"算法1 - 检查响应里是否有敏感信息","action":"ignore","kind":{"phone":true,"identity_card":true,"bank_card":true},"content_type":"html|json|xml"}}
2025-11-07 06:07:35,353 INFO  [main][com.baidu.openrasp.hook.AbstractClassHook] insert before method com.mysql.cj.jdbc.NonRegisteringDriver.connect(java.lang.String,java.util.Properties)
2025-11-07 06:07:35,375 INFO  [main][com.baidu.openrasp.hook.AbstractClassHook] insert after method: com.mysql.cj.jdbc.NonRegisteringDriver.connect(java.lang.String,java.util.Properties)
2025-11-07 06:07:35,388 INFO  [main][com.baidu.openrasp.hook.AbstractClassHook] insert after method: com.mysql.cj.jdbc.NonRegisteringDriver.connect(java.lang.String,java.util.Properties)
2025-11-07 06:07:41,142 INFO  [main][com.baidu.openrasp.hook.AbstractClassHook] insert before method com.mysql.cj.jdbc.ConnectionImpl.prepareStatement(java.lang.String,int,int)
2025-11-07 06:07:41,163 INFO  [main][com.baidu.openrasp.HookHandler] add catch to method: com.mysql.cj.jdbc.ConnectionImpl.prepareStatement(java.lang.String,int,int)
2025-11-07 06:07:41,170 INFO  [main][com.baidu.openrasp.hook.AbstractClassHook] insert before method com.mysql.cj.jdbc.ConnectionImpl.prepareCall(java.lang.String,int,int)
2025-11-07 06:07:41,176 INFO  [main][com.baidu.openrasp.HookHandler] add catch to method: com.mysql.cj.jdbc.ConnectionImpl.prepareCall(java.lang.String,int,int)
2025-11-07 06:07:41,357 INFO  [main][com.baidu.openrasp.hook.AbstractClassHook] insert before method com.mysql.cj.jdbc.StatementImpl.execute(java.lang.String)
2025-11-07 06:07:41,365 INFO  [main][com.baidu.openrasp.hook.AbstractClassHook] insert before method com.mysql.cj.jdbc.StatementImpl.execute(java.lang.String,int)
2025-11-07 06:07:41,369 INFO  [main][com.baidu.openrasp.hook.AbstractClassHook] insert before method com.mysql.cj.jdbc.StatementImpl.execute(java.lang.String,int[])
2025-11-07 06:07:41,373 INFO  [main][com.baidu.openrasp.hook.AbstractClassHook] insert before method com.mysql.cj.jdbc.StatementImpl.execute(java.lang.String,java.lang.String[])
2025-11-07 06:07:41,377 INFO  [main][com.baidu.openrasp.hook.AbstractClassHook] insert before method com.mysql.cj.jdbc.StatementImpl.executeUpdate(java.lang.String)
2025-11-07 06:07:41,381 INFO  [main][com.baidu.openrasp.hook.AbstractClassHook] insert before method com.mysql.cj.jdbc.StatementImpl.executeUpdate(java.lang.String,int)
2025-11-07 06:07:41,387 INFO  [main][com.baidu.openrasp.hook.AbstractClassHook] insert before method com.mysql.cj.jdbc.StatementImpl.executeUpdate(java.lang.String,int[])
2025-11-07 06:07:41,391 INFO  [main][com.baidu.openrasp.hook.AbstractClassHook] insert before method com.mysql.cj.jdbc.StatementImpl.executeUpdate(java.lang.String,java.lang.String[])
2025-11-07 06:07:41,410 INFO  [main][com.baidu.openrasp.hook.AbstractClassHook] insert before method com.mysql.cj.jdbc.StatementImpl.executeQuery(java.lang.String)
2025-11-07 06:07:41,414 INFO  [main][com.baidu.openrasp.hook.AbstractClassHook] insert before method com.mysql.cj.jdbc.StatementImpl.addBatch(java.lang.String)
2025-11-07 06:07:41,418 INFO  [main][com.baidu.openrasp.HookHandler] add catch to method: com.mysql.cj.jdbc.StatementImpl.execute(java.lang.String)
2025-11-07 06:07:41,421 INFO  [main][com.baidu.openrasp.HookHandler] add catch to method: com.mysql.cj.jdbc.StatementImpl.execute(java.lang.String,int)
2025-11-07 06:07:41,424 INFO  [main][com.baidu.openrasp.HookHandler] add catch to method: com.mysql.cj.jdbc.StatementImpl.execute(java.lang.String,int[])
2025-11-07 06:07:41,428 INFO  [main][com.baidu.openrasp.HookHandler] add catch to method: com.mysql.cj.jdbc.StatementImpl.execute(java.lang.String,java.lang.String[])
2025-11-07 06:07:41,434 INFO  [main][com.baidu.openrasp.HookHandler] add catch to method: com.mysql.cj.jdbc.StatementImpl.executeUpdate(java.lang.String)
2025-11-07 06:07:41,440 INFO  [main][com.baidu.openrasp.HookHandler] add catch to method: com.mysql.cj.jdbc.StatementImpl.executeUpdate(java.lang.String,int)
2025-11-07 06:07:41,445 INFO  [main][com.baidu.openrasp.HookHandler] add catch to method: com.mysql.cj.jdbc.StatementImpl.executeUpdate(java.lang.String,int[])
2025-11-07 06:07:41,452 INFO  [main][com.baidu.openrasp.HookHandler] add catch to method: com.mysql.cj.jdbc.StatementImpl.executeUpdate(java.lang.String,java.lang.String[])
2025-11-07 06:07:41,466 INFO  [main][com.baidu.openrasp.HookHandler] add catch to method: com.mysql.cj.jdbc.StatementImpl.executeQuery(java.lang.String)
2025-11-07 06:07:41,473 INFO  [main][com.baidu.openrasp.HookHandler] add catch to method: com.mysql.cj.jdbc.StatementImpl.addBatch(java.lang.String)
2025-11-07 06:08:04,686 INFO  [main][com.baidu.openrasp.hook.AbstractClassHook] insert before method com.sun.xml.internal.stream.XMLInputFactoryImpl.createXMLStreamReader(java.io.InputStream)
2025-11-07 06:08:04,692 INFO  [main][com.baidu.openrasp.hook.AbstractClassHook] insert before method com.sun.xml.internal.stream.XMLInputFactoryImpl.createXMLStreamReader(java.io.Reader)
2025-11-07 06:08:04,697 INFO  [main][com.baidu.openrasp.hook.AbstractClassHook] insert before method com.sun.xml.internal.stream.XMLInputFactoryImpl.createXMLStreamReader(java.lang.String,java.io.Reader)
2025-11-07 06:08:04,702 INFO  [main][com.baidu.openrasp.hook.AbstractClassHook] insert before method com.sun.xml.internal.stream.XMLInputFactoryImpl.createXMLStreamReader(javax.xml.transform.Source)
2025-11-07 06:08:04,706 INFO  [main][com.baidu.openrasp.hook.AbstractClassHook] insert before method com.sun.xml.internal.stream.XMLInputFactoryImpl.createXMLStreamReader(java.lang.String,java.io.InputStream)
2025-11-07 06:08:04,710 INFO  [main][com.baidu.openrasp.hook.AbstractClassHook] insert before method com.sun.xml.internal.stream.XMLInputFactoryImpl.createXMLStreamReader(java.io.InputStream,java.lang.String)
2025-11-07 06:08:04,718 INFO  [main][com.baidu.openrasp.hook.AbstractClassHook] insert before method com.sun.xml.internal.stream.XMLInputFactoryImpl.createXMLEventReader(java.io.InputStream)
2025-11-07 06:08:04,731 INFO  [main][com.baidu.openrasp.hook.AbstractClassHook] insert before method com.sun.xml.internal.stream.XMLInputFactoryImpl.createXMLEventReader(java.io.Reader)
2025-11-07 06:08:04,736 INFO  [main][com.baidu.openrasp.hook.AbstractClassHook] insert before method com.sun.xml.internal.stream.XMLInputFactoryImpl.createXMLEventReader(javax.xml.transform.Source)
2025-11-07 06:08:04,741 INFO  [main][com.baidu.openrasp.hook.AbstractClassHook] insert before method com.sun.xml.internal.stream.XMLInputFactoryImpl.createXMLEventReader(java.lang.String,java.io.InputStream)
2025-11-07 06:08:04,745 INFO  [main][com.baidu.openrasp.hook.AbstractClassHook] insert before method com.sun.xml.internal.stream.XMLInputFactoryImpl.createXMLEventReader(java.io.InputStream,java.lang.String)
2025-11-07 06:08:04,750 INFO  [main][com.baidu.openrasp.hook.AbstractClassHook] insert before method com.sun.xml.internal.stream.XMLInputFactoryImpl.createXMLEventReader(java.lang.String,java.io.Reader)
2025-11-07 06:08:04,758 INFO  [main][com.baidu.openrasp.hook.AbstractClassHook] insert before method com.sun.xml.internal.stream.XMLInputFactoryImpl.createXMLEventReader(javax.xml.stream.XMLStreamReader)
2025-11-07 06:08:48,646 INFO  [http-nio-9988-exec-1][com.baidu.openrasp.hook.AbstractClassHook] insert after method: org.apache.catalina.connector.Request.parseParameters()
2025-11-07 06:08:48,762 INFO  [http-nio-9988-exec-1][com.baidu.openrasp.hook.AbstractClassHook] insert after method: org.apache.catalina.connector.CoyoteReader.read()
2025-11-07 06:08:48,769 INFO  [http-nio-9988-exec-1][com.baidu.openrasp.hook.AbstractClassHook] insert after method: org.apache.catalina.connector.CoyoteReader.read(char[])
2025-11-07 06:08:48,773 INFO  [http-nio-9988-exec-1][com.baidu.openrasp.hook.AbstractClassHook] insert after method: org.apache.catalina.connector.CoyoteReader.read(char[],int,int)
2025-11-07 06:08:48,813 INFO  [http-nio-9988-exec-1][com.baidu.openrasp.hook.AbstractClassHook] insert after method: org.apache.catalina.connector.InputBuffer.readByte()
2025-11-07 06:08:48,816 INFO  [http-nio-9988-exec-1][com.baidu.openrasp.hook.AbstractClassHook] insert after method: org.apache.catalina.connector.InputBuffer.read(byte[],int,int)
2025-11-07 06:08:48,984 INFO  [http-nio-9988-exec-1][com.baidu.openrasp.hook.AbstractClassHook] insert before method org.apache.catalina.core.ApplicationFilterChain.doFilter(jakarta.servlet.ServletRequest,jakarta.servlet.ServletResponse)
2025-11-07 06:08:49,032 INFO  [http-nio-9988-exec-1][com.baidu.openrasp.hook.AbstractClassHook] insert after method: org.apache.catalina.core.ApplicationFilterChain.doFilter(jakarta.servlet.ServletRequest,jakarta.servlet.ServletResponse)
2025-11-07 06:10:34,791 INFO  [OpenRASP Heartbeat Thread][com.baidu.openrasp.config.Config] plugin.maxstack: 100
2025-11-07 06:10:34,792 INFO  [OpenRASP Heartbeat Thread][com.baidu.openrasp.config.Config] block.redirect_url: https://rasp.baidu.com/blocked/?request_id=%request_id%
2025-11-07 06:10:34,792 INFO  [OpenRASP Heartbeat Thread][com.baidu.openrasp.config.Config] dependency_check.interval: 43200
2025-11-07 06:10:34,793 INFO  [OpenRASP Heartbeat Thread][com.baidu.openrasp.config.Config] hook.white: {}
2025-11-07 06:10:34,794 INFO  [OpenRASP Heartbeat Thread][com.baidu.openrasp.config.Config] plugin.filter: true
2025-11-07 06:10:34,794 INFO  [OpenRASP Heartbeat Thread][com.baidu.openrasp.config.Config] debug.level: 0
2025-11-07 06:10:34,794 INFO  [OpenRASP Heartbeat Thread][com.baidu.openrasp.config.Config] block.content_json: {"error":true,"reason": "Request blocked by OpenRASP","request_id": "%request_id%"}
2025-11-07 06:10:34,794 INFO  [OpenRASP Heartbeat Thread][com.baidu.openrasp.config.Config] decompile.enable: false
2025-11-07 06:10:34,794 INFO  [OpenRASP Heartbeat Thread][com.baidu.openrasp.config.Config] response.sampler_burst: 5
2025-11-07 06:10:34,794 INFO  [OpenRASP Heartbeat Thread][com.baidu.openrasp.config.Config] syslog.facility: 1
2025-11-07 06:10:34,795 INFO  [OpenRASP Heartbeat Thread][com.baidu.openrasp.config.Config] syslog.tag: OpenRASP
2025-11-07 06:10:34,795 INFO  [OpenRASP Heartbeat Thread][com.baidu.openrasp.config.Config] block.content_xml: <?xml version="1.0"?><doc><error>true</error><reason>Request blocked by OpenRASP</reason><request_id>%request_id%</request_id></doc>
2025-11-07 06:10:34,795 INFO  [OpenRASP Heartbeat Thread][com.baidu.openrasp.config.Config] lru.compare_enable: false
2025-11-07 06:10:34,797 INFO  [OpenRASP Heartbeat Thread][com.baidu.openrasp.config.Config] security.weak_passwords: [111111, 123, 123123, 123456, 123456a, a123456, admin, both, manager, mysql, root, rootweblogic, tomcat, user, weblogic1, weblogic123, welcome1]
2025-11-07 06:10:34,798 INFO  [OpenRASP Heartbeat Thread][com.baidu.openrasp.config.Config] syslog.url: 
2025-11-07 06:10:34,798 INFO  [OpenRASP Heartbeat Thread][com.baidu.openrasp.config.Config] body.maxbytes: 12288
2025-11-07 06:10:34,799 INFO  [OpenRASP Heartbeat Thread][com.baidu.openrasp.config.Config] cpu.usage.enable: false
2025-11-07 06:10:34,799 INFO  [OpenRASP Heartbeat Thread][com.baidu.openrasp.config.Config] ognl.expression.minlength: 30
2025-11-07 06:10:34,799 INFO  [OpenRASP Heartbeat Thread][com.baidu.openrasp.config.Config] log.maxburst: 100
2025-11-07 06:10:34,799 INFO  [OpenRASP Heartbeat Thread][com.baidu.openrasp.config.Config] log.maxbackup: 30
2025-11-07 06:10:34,799 INFO  [OpenRASP Heartbeat Thread][com.baidu.openrasp.config.Config] block.content_html: </script><script>location.href="https://rasp.baidu.com/blocked2/?request_id=%request_id%"</script>
2025-11-07 06:10:34,800 WARN  [OpenRASP Heartbeat Thread][com.baidu.openrasp.messaging.LogTool] [E20004] Unknown config key [fileleak_scan.interval] found in cloud configuration: 
2025-11-07 06:10:34,808 INFO  [OpenRASP Heartbeat Thread][com.baidu.openrasp.config.Config] cpu.usage.interval: 5
2025-11-07 06:10:34,809 INFO  [OpenRASP Heartbeat Thread][com.baidu.openrasp.config.Config] lru.compare_limit: 10240
2025-11-07 06:10:34,809 INFO  [OpenRASP Heartbeat Thread][com.baidu.openrasp.config.Config] lru.max_size: 1000
2025-11-07 06:10:34,812 INFO  [OpenRASP Heartbeat Thread][com.baidu.openrasp.config.Config] inject.custom_headers: {X-Protected-By=OpenRASP}
2025-11-07 06:10:34,812 INFO  [OpenRASP Heartbeat Thread][com.baidu.openrasp.config.Config] plugin.timeout.millis: 100
2025-11-07 06:10:34,812 WARN  [OpenRASP Heartbeat Thread][com.baidu.openrasp.messaging.LogTool] [E20004] Unknown config key [fileleak_scan.name] found in cloud configuration: 
2025-11-07 06:10:34,840 WARN  [OpenRASP Heartbeat Thread][com.baidu.openrasp.messaging.LogTool] [E20004] Unknown config key [log.maxstack] found in cloud configuration: 
2025-11-07 06:10:34,883 WARN  [OpenRASP Heartbeat Thread][com.baidu.openrasp.messaging.LogTool] [E20004] Unknown config key [fileleak_scan.limit] found in cloud configuration: 
2025-11-07 06:10:34,915 WARN  [OpenRASP Heartbeat Thread][com.baidu.openrasp.messaging.LogTool] [E20004] Unknown config key [offline_hosts.cleanup.interval] found in cloud configuration: 
2025-11-07 06:10:34,946 INFO  [OpenRASP Heartbeat Thread][com.baidu.openrasp.config.Config] request.param_encoding: 
2025-11-07 06:10:34,947 INFO  [OpenRASP Heartbeat Thread][com.baidu.openrasp.config.Config] cpu.usage.percent: 90
2025-11-07 06:10:34,947 INFO  [OpenRASP Heartbeat Thread][com.baidu.openrasp.config.Config] block.status_code: 302
2025-11-07 06:10:34,947 INFO  [OpenRASP Heartbeat Thread][com.baidu.openrasp.config.Config] clientip.header: ClientIP
2025-11-07 06:10:34,947 INFO  [OpenRASP Heartbeat Thread][com.baidu.openrasp.config.Config] response.sampler_interval: 60
2025-11-07 06:10:34,947 INFO  [OpenRASP Heartbeat Thread][com.baidu.openrasp.config.Config] syslog.enable: false
2025-11-07 06:10:35,140 WARN  [OpenRASP Heartbeat Thread][com.baidu.openrasp.config.Config] the value of sql_exception.mysql.error_code is null
2025-11-07 06:10:35,141 WARN  [OpenRASP Heartbeat Thread][com.baidu.openrasp.config.Config] the value of sql_exception.sqlite.error_code is null
2025-11-07 06:10:35,141 WARN  [OpenRASP Heartbeat Thread][com.baidu.openrasp.config.Config] the value of sql_exception.oracle.error_code is null
2025-11-07 06:10:35,141 WARN  [OpenRASP Heartbeat Thread][com.baidu.openrasp.config.Config] the value of sql_exception.db2.error_code is null
2025-11-07 06:10:35,141 INFO  [OpenRASP Heartbeat Thread][com.baidu.openrasp.config.Config] sql error codes: {oracle=[1756, 907, 19202, 20000, 1740, 29257, 920, 933, 911, 904], sqlite=[1], hsql=[-5590, -5584, -5583], mysql=[1105, 1367, 1064, 1062, 1060]}
2025-11-07 06:10:35,142 INFO  [OpenRASP Heartbeat Thread][com.baidu.openrasp.config.Config] sql error states: {db2=[42603], hsql=[42583, 42584, 42590]}
2025-11-07 06:10:35,142 WARN  [OpenRASP Heartbeat Thread][com.baidu.openrasp.config.Config] failed to get the log_regex.regex element from algorithm config
2025-11-07 06:10:35,142 INFO  [OpenRASP Heartbeat Thread][com.baidu.openrasp.config.Config] log_regex.regex: {}
2025-11-07 06:10:35,142 INFO  [OpenRASP Heartbeat Thread][com.baidu.openrasp.config.Config] algorithm.config: {"command_common":{"action":"log","name":"算法3 - 识别常用渗透命令（探针）","pattern":"cat.{1,5}/etc/passwd|nc.{1,30}-e.{1,100}/bin/(?:ba)?sh|bash\\s-.{0,4}i.{1,20}/dev/tcp/|subprocess.call\\(.{0,6}/bin/(?:ba)?sh|fsockopen\\(.{1,50}/bin/(?:ba)?sh|perl.{1,80}socket.{1,120}open.{1,80}exec\\(.{1,5}/bin/(?:ba)?sh"},"command_dnslog":{"action":"log","name":"算法6 - dnslog类命令","pattern_cmd":"(^|\\W)(curl|ping|wget|nslookup|dig)\\W","pattern_domain":"\\.((ceye|exeye|sslip|nip)\\.io|dnslog\\.cn|(vcap|bxss)\\.me|xip\\.(name|io)|burpcollaborator\\.net|tu4\\.org|2xss\\.cc|request\\.bin|requestbin\\.net|pipedream\\.net)"},"command_error":{"action":"log","alarm_token":["",""],"alarm_token_enable":true,"concat_char":["|",";"],"name":"算法4 - 查找语法错误和敏感操作","sensitive_cmd":["curl","bash","cat","sh"],"sensitive_cmd_enable":true,"unbalanced_quote_enable":true},"command_other":{"action":"ignore","name":"算法5 - 记录或者拦截所有命令执行操作"},"command_reflect":{"action":"block","name":"算法1 - 通过反射执行命令，比如反序列化、加密后门"},"command_userinput":{"action":"block","java_unexploitable_filter":true,"min_length":2,"name":"算法2 - 用户输入匹配算法，包括命令注入检测"},"deleteFile_userinput":{"action":"block","lcs_search":false,"name":"算法1 - 用户输入匹配，禁止使用 ../ 删除文件"},"deserialization_blacklist":{"action":"block","clazz":["org.apache.commons.collections.functors.ChainedTransformer","org.apache.commons.collections.functors.InvokerTransformer","org.apache.commons.collections.functors.InstantiateTransformer","org.apache.commons.collections4.functors.InvokerTransformer","org.apache.commons.collections4.functors.InstantiateTransformer","org.codehaus.groovy.runtime.ConvertedClosure","org.codehaus.groovy.runtime.MethodClosure","org.springframework.beans.factory.ObjectFactory","org.apache.xalan.xsltc.trax.TemplatesImpl","com.sun.org.apache.xalan.internal.xsltc.trax.TemplatesImpl","com.mchange.v2.c3p0.impl.PoolBackedDataSourceBase"],"name":"算法1 - 反序列化黑名单过滤"},"directory_reflect":{"action":"block","name":"算法2 - 通过反射调用，查看目录内容"},"directory_unwanted":{"action":"log","name":"算法3 - 尝试查看敏感目录"},"directory_userinput":{"action":"block","lcs_search":false,"name":"算法1 - 用户输入匹配算法"},"dns_blacklist":{"action":"block","name":"算法1 - 拦截DNS黑名单查询(比如DNSLog)"},"eval_regex":{"action":"ignore","name":"算法1 - 正则表达式","regex":"base64_decode|gzuncompress|create_function"},"fileUpload_multipart_exe":{"action":"ignore","name":"算法3 - Multipart 方式上传 DLL/EXE 等文件"},"fileUpload_multipart_html":{"action":"ignore","name":"算法3 - Multipart 方式上传 HTML/JS 等文件"},"fileUpload_multipart_script":{"action":"block","name":"算法2 - Multipart 方式上传 PHP/JSP 等脚本文件"},"fileUpload_webdav":{"action":"block","name":"算法1 - MOVE 方式上传脚本文件"},"include_protocol":{"action":"block","name":"算法2 - 尝试包含 jar:// 等异常协议","protocols":["file","gopher","jar","netdoc","http","https","dict","php","compress.zlib","compress.bzip2","zip","rar"]},"include_userinput":{"action":"block","lcs_search":false,"name":"算法1 - 用户输入匹配算法"},"jndi_disable_all":{"action":"block","name":"算法1 - 拦截所有JNDI调用"},"link_webshell":{"action":"block","name":"算法1 - 通过链接方式获取 WebShell"},"loadLibrary_unc":{"action":"block","name":"算法1 - 拦截 UNC 路径类库加载"},"meta":{"all_log":false,"is_dev":false,"log_event":false,"schema_version":1},"ognl_blacklist":{"action":"block","expression":["ognl.OgnlContext","ognl.TypeConverter","ognl.MemberAccess","_memberAccess","ognl.ClassResolver","java.lang.Runtime","java.lang.Class","java.lang.ClassLoader","java.lang.System","java.lang.ProcessBuilder","java.lang.Object","java.lang.Shutdown","java.io.File","javax.script.ScriptEngineManager","com.opensymphony.xwork2.ActionContext"],"name":"算法1 - OGNL语句黑名单"},"readFile_outsideWebroot":{"action":"ignore","name":"算法4 - 禁止使用 ../../ 访问web目录以外的文件","reference":"https://rasp.baidu.com/doc/dev/official.html#case-out-webroot"},"readFile_unwanted":{"action":"log","name":"算法5 - 文件探针算法"},"readFile_userinput":{"action":"block","lcs_search":false,"name":"算法1 - 用户输入匹配算法"},"readFile_userinput_http":{"action":"block","name":"算法2 - 用户输入匹配算法 + http 协议"},"readFile_userinput_unwanted":{"action":"block","name":"算法3 - 拦截 php:// 等异常协议"},"rename_webshell":{"action":"block","name":"算法1 - 通过重命名方式获取 WebShell"},"response_dataLeak":{"action":"ignore","content_type":"html|json|xml","kind":{"bank_card":true,"identity_card":true,"phone":true},"name":"算法1 - 检查响应里是否有敏感信息"},"sql_exception":{"action":"log","db2":{"error_state":["42603"]},"hsql":{"error_code":[-5583,-5584,-5590],"error_state":["42583","42584","42590"]},"mssql":{"error_code":[105,245]},"mysql":{"error_code":[1060,1062,1064,1105,1367]},"name":"算法3 - 记录数据库异常","oracle":{"error_code":[933,29257,20000,904,19202,1756,1740,920,907,911]},"pgsql":{"error_code":["42601","22P02"],"error_state":["42601","22P02"]},"reference":"https://rasp.baidu.com/doc/dev/official.html#sql-exception","sqlite":{"error_code":[1]}},"sql_policy":{"action":"block","feature":{"function_blacklist":true,"function_count":false,"information_schema":false,"into_outfile":true,"no_hex":false,"stacked_query":false,"union_null":true,"version_comment":true},"function_blacklist":{"ascii":false,"benchmark":true,"bin":false,"extractvalue":true,"hex":false,"is_srvrolemember":true,"load_file":true,"mid":false,"ord":false,"pg_sleep":true,"sleep":true,"updatexml":true},"function_count":{"char":5,"chr":5},"name":"算法2 - 拦截异常SQL语句","pre_filter":";|\\/\\*|(?:\\d{1,2}\\s*,\\s*){2}|(?:null\\s*,\\s*){2}|0x[\\da-f]{8}|\\W(information_schema|outfile|dumpfile|load_file|benchmark|pg_sleep|sleep|is_srvrolemember|updatexml|extractvalue|hex|char|chr|mid|ord|ascii|bin)\\W"},"sql_regex":{"action":"ignore","name":"算法4 - 正则表达式算法","regex":"information_schema"},"sql_userinput":{"action":"block","allow_full":true,"anti_detect_enable":true,"anti_detect_filter":"add|all|alter|analyze|and|any|as|asc|avg|begin|between|by|case|create|count|delete|desc|do|dumpfile|else|elseif|end|exists|false|file|float|flush|follows|from|group|having|identified|if|in|insert|interval|into|join|last|like|limit|loop|not|null|on|or|order|procedure|regexp|return|rlike|select|then|true|union|update|values|xor","lcs_search":false,"min_length":8,"name":"算法1 - 用户输入匹配算法","pre_enable":false,"pre_filter":"select|file|from|;"},"ssrf_aws":{"action":"block","name":"算法2 - 拦截 AWS/Aliyun/GCP metadata 访问"},"ssrf_common":{"action":"block","name":"算法3 - 拦截常见 dnslog 地址"},"ssrf_obfuscate":{"action":"ignore","name":"算法4 - 拦截混淆地址"},"ssrf_protocol":{"action":"block","name":"算法5 - 拦截 php:// 等异常协议","protocols":["file","gopher","local_file","local-file","jar","netdoc","dict","php","phar","compress.zlib","compress.bzip2"]},"ssrf_userinput":{"action":"block","name":"算法1 - 用户输入匹配算法（支持 rebind 检测）"},"webshell_callable":{"action":"block","functions":["system","exec","passthru","proc_open","shell_exec","popen","pcntl_exec","assert"],"name":"算法4 - 拦截简单的PHP array_map/walk/filter 后门"},"webshell_command":{"action":"block","name":"算法2 - 拦截简单的PHP命令执行后门"},"webshell_eval":{"action":"block","name":"算法1 - 拦截简单的PHP中国菜刀后门"},"webshell_file_put_contents":{"action":"block","name":"算法3 - 拦截简单的PHP文件上传后门"},"webshell_ld_preload":{"action":"block","env":["LD_PRELOAD","LD_AUDIT","GCONV_PATH"],"name":"算法5 - 拦截PHP putenv 相关后门"},"writeFile_NTFS":{"action":"block","name":"算法1 - 拦截 NTFS :: 写入操作"},"writeFile_reflect":{"action":"log","name":"算法3 - 拦截通过反射、反序列化执行的文件写入操作"},"writeFile_script":{"action":"block","lcs_search":false,"name":"算法2 - 拦截 php/jsp 等脚本文件的写入操作","reference":"https://rasp.baidu.com/doc/dev/official.html#case-file-write","userinput":true},"xss_echo":{"action":"log","filter_regex":"<![\\-\\[A-Za-z]|<([A-Za-z]{1,12})[\\/>\\x00-\\x20]","name":"算法1 - PHP: 禁止直接输出GPC参数"},"xss_userinput":{"action":"ignore","filter_regex":"<![\\-\\[A-Za-z]|<([A-Za-z]{1,12})[\\/>\\x00-\\x20]","max_detection_num":10,"min_length":15,"name":"算法2 - 拦截输出在响应里的反射XSS"},"xxe_disable_entity":{"action":"ignore","clazz":{"java_dom":true,"java_dom4j":true,"java_jdom":true,"java_sax":true,"java_stax":true},"name":"算法1 - 禁止外部实体加载（记录日志等同于完全忽略）"},"xxe_file":{"action":"log","name":"算法3 - 使用 file:// 协议读取文件","reference":"https://rasp.baidu.com/doc/dev/official.html#case-xxe"},"xxe_protocol":{"action":"block","name":"算法2 - 使用 ftp:// 等异常协议加载外部实体","protocols":["ftp","dict","gopher","netdoc","mailto"]}}
2025-11-07 06:27:06,423 INFO  [OpenRASP Heartbeat Thread][com.baidu.openrasp.config.Config] plugin.maxstack: 100
2025-11-07 06:27:06,423 INFO  [OpenRASP Heartbeat Thread][com.baidu.openrasp.config.Config] block.redirect_url: https://rasp.baidu.com/blocked/?request_id=%request_id%
2025-11-07 06:27:06,423 INFO  [OpenRASP Heartbeat Thread][com.baidu.openrasp.config.Config] dependency_check.interval: 43200
2025-11-07 06:27:06,424 INFO  [OpenRASP Heartbeat Thread][com.baidu.openrasp.config.Config] hook.white: {}
2025-11-07 06:27:06,424 INFO  [OpenRASP Heartbeat Thread][com.baidu.openrasp.config.Config] plugin.filter: true
2025-11-07 06:27:06,424 INFO  [OpenRASP Heartbeat Thread][com.baidu.openrasp.config.Config] debug.level: 0
2025-11-07 06:27:06,425 INFO  [OpenRASP Heartbeat Thread][com.baidu.openrasp.config.Config] block.content_json: {"error":true,"reason": "Request blocked by OpenRASP","request_id": "%request_id%"}
2025-11-07 06:27:06,425 INFO  [OpenRASP Heartbeat Thread][com.baidu.openrasp.config.Config] decompile.enable: false
2025-11-07 06:27:06,425 INFO  [OpenRASP Heartbeat Thread][com.baidu.openrasp.config.Config] response.sampler_burst: 5
2025-11-07 06:27:06,425 INFO  [OpenRASP Heartbeat Thread][com.baidu.openrasp.config.Config] syslog.facility: 1
2025-11-07 06:27:06,425 INFO  [OpenRASP Heartbeat Thread][com.baidu.openrasp.config.Config] syslog.tag: OpenRASP
2025-11-07 06:27:06,425 INFO  [OpenRASP Heartbeat Thread][com.baidu.openrasp.config.Config] block.content_xml: <?xml version="1.0"?><doc><error>true</error><reason>Request blocked by OpenRASP</reason><request_id>%request_id%</request_id></doc>
2025-11-07 06:27:06,425 INFO  [OpenRASP Heartbeat Thread][com.baidu.openrasp.config.Config] lru.compare_enable: false
2025-11-07 06:27:06,426 INFO  [OpenRASP Heartbeat Thread][com.baidu.openrasp.config.Config] security.weak_passwords: [111111, 123, 123123, 123456, 123456a, a123456, admin, both, manager, mysql, root, rootweblogic, tomcat, user, weblogic1, weblogic123, welcome1]
2025-11-07 06:27:06,427 INFO  [OpenRASP Heartbeat Thread][com.baidu.openrasp.config.Config] syslog.url: 
2025-11-07 06:27:06,427 INFO  [OpenRASP Heartbeat Thread][com.baidu.openrasp.config.Config] body.maxbytes: 12288
2025-11-07 06:27:06,427 INFO  [OpenRASP Heartbeat Thread][com.baidu.openrasp.config.Config] cpu.usage.enable: false
2025-11-07 06:27:06,427 INFO  [OpenRASP Heartbeat Thread][com.baidu.openrasp.config.Config] ognl.expression.minlength: 30
2025-11-07 06:27:06,427 INFO  [OpenRASP Heartbeat Thread][com.baidu.openrasp.config.Config] log.maxburst: 100
2025-11-07 06:27:06,427 INFO  [OpenRASP Heartbeat Thread][com.baidu.openrasp.config.Config] log.maxbackup: 30
2025-11-07 06:27:06,427 INFO  [OpenRASP Heartbeat Thread][com.baidu.openrasp.config.Config] block.content_html: </script><script>location.href="https://rasp.baidu.com/blocked2/?request_id=%request_id%"</script>
2025-11-07 06:27:06,427 WARN  [OpenRASP Heartbeat Thread][com.baidu.openrasp.messaging.LogTool] [E20004] Unknown config key [fileleak_scan.interval] found in cloud configuration: 
2025-11-07 06:27:06,434 INFO  [OpenRASP Heartbeat Thread][com.baidu.openrasp.config.Config] cpu.usage.interval: 5
2025-11-07 06:27:06,434 INFO  [OpenRASP Heartbeat Thread][com.baidu.openrasp.config.Config] lru.compare_limit: 10240
2025-11-07 06:27:06,434 INFO  [OpenRASP Heartbeat Thread][com.baidu.openrasp.config.Config] lru.max_size: 1000
2025-11-07 06:27:06,435 INFO  [OpenRASP Heartbeat Thread][com.baidu.openrasp.config.Config] inject.custom_headers: {X-Protected-By=OpenRASP}
2025-11-07 06:27:06,435 INFO  [OpenRASP Heartbeat Thread][com.baidu.openrasp.config.Config] plugin.timeout.millis: 100
2025-11-07 06:27:06,435 WARN  [OpenRASP Heartbeat Thread][com.baidu.openrasp.messaging.LogTool] [E20004] Unknown config key [fileleak_scan.name] found in cloud configuration: 
2025-11-07 06:27:06,453 WARN  [OpenRASP Heartbeat Thread][com.baidu.openrasp.messaging.LogTool] [E20004] Unknown config key [log.maxstack] found in cloud configuration: 
2025-11-07 06:27:06,478 WARN  [OpenRASP Heartbeat Thread][com.baidu.openrasp.messaging.LogTool] [E20004] Unknown config key [fileleak_scan.limit] found in cloud configuration: 
2025-11-07 06:27:06,495 WARN  [OpenRASP Heartbeat Thread][com.baidu.openrasp.messaging.LogTool] [E20004] Unknown config key [offline_hosts.cleanup.interval] found in cloud configuration: 
2025-11-07 06:27:06,524 INFO  [OpenRASP Heartbeat Thread][com.baidu.openrasp.config.Config] request.param_encoding: 
2025-11-07 06:27:06,525 INFO  [OpenRASP Heartbeat Thread][com.baidu.openrasp.config.Config] cpu.usage.percent: 90
2025-11-07 06:27:06,525 INFO  [OpenRASP Heartbeat Thread][com.baidu.openrasp.config.Config] block.status_code: 302
2025-11-07 06:27:06,525 INFO  [OpenRASP Heartbeat Thread][com.baidu.openrasp.config.Config] clientip.header: ClientIP
2025-11-07 06:27:06,525 INFO  [OpenRASP Heartbeat Thread][com.baidu.openrasp.config.Config] response.sampler_interval: 60
2025-11-07 06:27:06,530 INFO  [OpenRASP Heartbeat Thread][com.baidu.openrasp.config.Config] syslog.enable: false
2025-11-07 06:27:06,654 WARN  [OpenRASP Heartbeat Thread][com.baidu.openrasp.config.Config] the value of sql_exception.mysql.error_code is null
2025-11-07 06:27:06,654 WARN  [OpenRASP Heartbeat Thread][com.baidu.openrasp.config.Config] the value of sql_exception.sqlite.error_code is null
2025-11-07 06:27:06,654 WARN  [OpenRASP Heartbeat Thread][com.baidu.openrasp.config.Config] the value of sql_exception.oracle.error_code is null
2025-11-07 06:27:06,654 WARN  [OpenRASP Heartbeat Thread][com.baidu.openrasp.config.Config] the value of sql_exception.db2.error_code is null
2025-11-07 06:27:06,655 INFO  [OpenRASP Heartbeat Thread][com.baidu.openrasp.config.Config] sql error codes: {oracle=[1756, 907, 19202, 20000, 1740, 29257, 920, 933, 911, 904], sqlite=[1], hsql=[-5590, -5584, -5583], mysql=[1105, 1367, 1064, 1062, 1060]}
2025-11-07 06:27:06,655 INFO  [OpenRASP Heartbeat Thread][com.baidu.openrasp.config.Config] sql error states: {db2=[42603], hsql=[42583, 42584, 42590]}
2025-11-07 06:27:06,655 WARN  [OpenRASP Heartbeat Thread][com.baidu.openrasp.config.Config] failed to get the log_regex.regex element from algorithm config
2025-11-07 06:27:06,655 INFO  [OpenRASP Heartbeat Thread][com.baidu.openrasp.config.Config] log_regex.regex: {}
2025-11-07 06:27:06,655 INFO  [OpenRASP Heartbeat Thread][com.baidu.openrasp.config.Config] algorithm.config: {"command_common":{"action":"log","name":"算法3 - 识别常用渗透命令（探针）","pattern":"cat.{1,5}/etc/passwd|nc.{1,30}-e.{1,100}/bin/(?:ba)?sh|bash\\s-.{0,4}i.{1,20}/dev/tcp/|subprocess.call\\(.{0,6}/bin/(?:ba)?sh|fsockopen\\(.{1,50}/bin/(?:ba)?sh|perl.{1,80}socket.{1,120}open.{1,80}exec\\(.{1,5}/bin/(?:ba)?sh"},"command_dnslog":{"action":"log","name":"算法6 - dnslog类命令","pattern_cmd":"(^|\\W)(curl|ping|wget|nslookup|dig)\\W","pattern_domain":"\\.((ceye|exeye|sslip|nip)\\.io|dnslog\\.cn|(vcap|bxss)\\.me|xip\\.(name|io)|burpcollaborator\\.net|tu4\\.org|2xss\\.cc|request\\.bin|requestbin\\.net|pipedream\\.net)"},"command_error":{"action":"log","alarm_token":["",""],"alarm_token_enable":true,"concat_char":["|",";"],"name":"算法4 - 查找语法错误和敏感操作","sensitive_cmd":["curl","bash","cat","sh"],"sensitive_cmd_enable":true,"unbalanced_quote_enable":true},"command_other":{"action":"ignore","name":"算法5 - 记录或者拦截所有命令执行操作"},"command_reflect":{"action":"block","name":"算法1 - 通过反射执行命令，比如反序列化、加密后门"},"command_userinput":{"action":"block","java_unexploitable_filter":true,"min_length":2,"name":"算法2 - 用户输入匹配算法，包括命令注入检测"},"deleteFile_userinput":{"action":"block","lcs_search":false,"name":"算法1 - 用户输入匹配，禁止使用 ../ 删除文件"},"deserialization_blacklist":{"action":"block","clazz":["org.apache.commons.collections.functors.ChainedTransformer","org.apache.commons.collections.functors.InvokerTransformer","org.apache.commons.collections.functors.InstantiateTransformer","org.apache.commons.collections4.functors.InvokerTransformer","org.apache.commons.collections4.functors.InstantiateTransformer","org.codehaus.groovy.runtime.ConvertedClosure","org.codehaus.groovy.runtime.MethodClosure","org.springframework.beans.factory.ObjectFactory","org.apache.xalan.xsltc.trax.TemplatesImpl","com.sun.org.apache.xalan.internal.xsltc.trax.TemplatesImpl","com.mchange.v2.c3p0.impl.PoolBackedDataSourceBase"],"name":"算法1 - 反序列化黑名单过滤"},"directory_reflect":{"action":"block","name":"算法2 - 通过反射调用，查看目录内容"},"directory_unwanted":{"action":"log","name":"算法3 - 尝试查看敏感目录"},"directory_userinput":{"action":"block","lcs_search":false,"name":"算法1 - 用户输入匹配算法"},"dns_blacklist":{"action":"block","name":"算法1 - 拦截DNS黑名单查询(比如DNSLog)"},"eval_regex":{"action":"ignore","name":"算法1 - 正则表达式","regex":"base64_decode|gzuncompress|create_function"},"fileUpload_multipart_exe":{"action":"ignore","name":"算法3 - Multipart 方式上传 DLL/EXE 等文件"},"fileUpload_multipart_html":{"action":"ignore","name":"算法3 - Multipart 方式上传 HTML/JS 等文件"},"fileUpload_multipart_script":{"action":"block","name":"算法2 - Multipart 方式上传 PHP/JSP 等脚本文件"},"fileUpload_webdav":{"action":"block","name":"算法1 - MOVE 方式上传脚本文件"},"include_protocol":{"action":"block","name":"算法2 - 尝试包含 jar:// 等异常协议","protocols":["file","gopher","jar","netdoc","http","https","dict","php","compress.zlib","compress.bzip2","zip","rar"]},"include_userinput":{"action":"block","lcs_search":false,"name":"算法1 - 用户输入匹配算法"},"jndi_disable_all":{"action":"block","name":"算法1 - 拦截所有JNDI调用"},"link_webshell":{"action":"block","name":"算法1 - 通过链接方式获取 WebShell"},"loadLibrary_unc":{"action":"block","name":"算法1 - 拦截 UNC 路径类库加载"},"meta":{"all_log":false,"is_dev":false,"log_event":false,"schema_version":1},"ognl_blacklist":{"action":"block","expression":["ognl.OgnlContext","ognl.TypeConverter","ognl.MemberAccess","_memberAccess","ognl.ClassResolver","java.lang.Runtime","java.lang.Class","java.lang.ClassLoader","java.lang.System","java.lang.ProcessBuilder","java.lang.Object","java.lang.Shutdown","java.io.File","javax.script.ScriptEngineManager","com.opensymphony.xwork2.ActionContext"],"name":"算法1 - OGNL语句黑名单"},"readFile_outsideWebroot":{"action":"ignore","name":"算法4 - 禁止使用 ../../ 访问web目录以外的文件","reference":"https://rasp.baidu.com/doc/dev/official.html#case-out-webroot"},"readFile_unwanted":{"action":"log","name":"算法5 - 文件探针算法"},"readFile_userinput":{"action":"block","lcs_search":false,"name":"算法1 - 用户输入匹配算法"},"readFile_userinput_http":{"action":"block","name":"算法2 - 用户输入匹配算法 + http 协议"},"readFile_userinput_unwanted":{"action":"block","name":"算法3 - 拦截 php:// 等异常协议"},"rename_webshell":{"action":"block","name":"算法1 - 通过重命名方式获取 WebShell"},"response_dataLeak":{"action":"ignore","content_type":"html|json|xml","kind":{"bank_card":true,"identity_card":true,"phone":true},"name":"算法1 - 检查响应里是否有敏感信息"},"sql_exception":{"action":"log","db2":{"error_state":["42603"]},"hsql":{"error_code":[-5583,-5584,-5590],"error_state":["42583","42584","42590"]},"mssql":{"error_code":[105,245]},"mysql":{"error_code":[1060,1062,1064,1105,1367]},"name":"算法3 - 记录数据库异常","oracle":{"error_code":[933,29257,20000,904,19202,1756,1740,920,907,911]},"pgsql":{"error_code":["42601","22P02"],"error_state":["42601","22P02"]},"reference":"https://rasp.baidu.com/doc/dev/official.html#sql-exception","sqlite":{"error_code":[1]}},"sql_policy":{"action":"block","feature":{"function_blacklist":true,"function_count":false,"information_schema":false,"into_outfile":true,"no_hex":false,"stacked_query":false,"union_null":true,"version_comment":true},"function_blacklist":{"ascii":false,"benchmark":true,"bin":false,"extractvalue":true,"hex":false,"is_srvrolemember":true,"load_file":true,"mid":false,"ord":false,"pg_sleep":true,"sleep":true,"updatexml":true},"function_count":{"char":5,"chr":5},"name":"算法2 - 拦截异常SQL语句","pre_filter":";|\\/\\*|(?:\\d{1,2}\\s*,\\s*){2}|(?:null\\s*,\\s*){2}|0x[\\da-f]{8}|\\W(information_schema|outfile|dumpfile|load_file|benchmark|pg_sleep|sleep|is_srvrolemember|updatexml|extractvalue|hex|char|chr|mid|ord|ascii|bin)\\W"},"sql_regex":{"action":"ignore","name":"算法4 - 正则表达式算法","regex":"information_schema"},"sql_userinput":{"action":"block","allow_full":true,"anti_detect_enable":true,"anti_detect_filter":"add|all|alter|analyze|and|any|as|asc|avg|begin|between|by|case|create|count|delete|desc|do|dumpfile|else|elseif|end|exists|false|file|float|flush|follows|from|group|having|identified|if|in|insert|interval|into|join|last|like|limit|loop|not|null|on|or|order|procedure|regexp|return|rlike|select|then|true|union|update|values|xor","lcs_search":false,"min_length":8,"name":"算法1 - 用户输入匹配算法","pre_enable":false,"pre_filter":"select|file|from|;"},"ssrf_aws":{"action":"block","name":"算法2 - 拦截 AWS/Aliyun/GCP metadata 访问"},"ssrf_common":{"action":"block","name":"算法3 - 拦截常见 dnslog 地址"},"ssrf_obfuscate":{"action":"ignore","name":"算法4 - 拦截混淆地址"},"ssrf_protocol":{"action":"block","name":"算法5 - 拦截 php:// 等异常协议","protocols":["file","gopher","local_file","local-file","jar","netdoc","dict","php","phar","compress.zlib","compress.bzip2"]},"ssrf_userinput":{"action":"block","name":"算法1 - 用户输入匹配算法（支持 rebind 检测）"},"webshell_callable":{"action":"block","functions":["system","exec","passthru","proc_open","shell_exec","popen","pcntl_exec","assert"],"name":"算法4 - 拦截简单的PHP array_map/walk/filter 后门"},"webshell_command":{"action":"block","name":"算法2 - 拦截简单的PHP命令执行后门"},"webshell_eval":{"action":"block","name":"算法1 - 拦截简单的PHP中国菜刀后门"},"webshell_file_put_contents":{"action":"block","name":"算法3 - 拦截简单的PHP文件上传后门"},"webshell_ld_preload":{"action":"block","env":["LD_PRELOAD","LD_AUDIT","GCONV_PATH"],"name":"算法5 - 拦截PHP putenv 相关后门"},"writeFile_NTFS":{"action":"block","name":"算法1 - 拦截 NTFS :: 写入操作"},"writeFile_reflect":{"action":"log","name":"算法3 - 拦截通过反射、反序列化执行的文件写入操作"},"writeFile_script":{"action":"block","lcs_search":false,"name":"算法2 - 拦截 php/jsp 等脚本文件的写入操作","reference":"https://rasp.baidu.com/doc/dev/official.html#case-file-write","userinput":true},"xss_echo":{"action":"log","filter_regex":"<![\\-\\[A-Za-z]|<([A-Za-z]{1,12})[\\/>\\x00-\\x20]","name":"算法1 - PHP: 禁止直接输出GPC参数"},"xss_userinput":{"action":"block","filter_regex":"<![\\-\\[A-Za-z]|<([A-Za-z]{1,12})[\\/>\\x00-\\x20]","max_detection_num":10,"min_length":15,"name":"算法2 - 拦截输出在响应里的反射XSS"},"xxe_disable_entity":{"action":"ignore","clazz":{"java_dom":true,"java_dom4j":true,"java_jdom":true,"java_sax":true,"java_stax":true},"name":"算法1 - 禁止外部实体加载（记录日志等同于完全忽略）"},"xxe_file":{"action":"log","name":"算法3 - 使用 file:// 协议读取文件","reference":"https://rasp.baidu.com/doc/dev/official.html#case-xxe"},"xxe_protocol":{"action":"block","name":"算法2 - 使用 ftp:// 等异常协议加载外部实体","protocols":["ftp","dict","gopher","netdoc","mailto"]}}
2025-11-07 06:28:36,913 INFO  [OpenRASP Heartbeat Thread][com.baidu.openrasp.config.Config] plugin.maxstack: 100
2025-11-07 06:28:36,913 INFO  [OpenRASP Heartbeat Thread][com.baidu.openrasp.config.Config] block.redirect_url: https://rasp.baidu.com/blocked/?request_id=%request_id%
2025-11-07 06:28:36,914 INFO  [OpenRASP Heartbeat Thread][com.baidu.openrasp.config.Config] dependency_check.interval: 43200
2025-11-07 06:28:36,914 INFO  [OpenRASP Heartbeat Thread][com.baidu.openrasp.config.Config] hook.white: {}
2025-11-07 06:28:36,915 INFO  [OpenRASP Heartbeat Thread][com.baidu.openrasp.config.Config] plugin.filter: true
2025-11-07 06:28:36,915 INFO  [OpenRASP Heartbeat Thread][com.baidu.openrasp.config.Config] debug.level: 0
2025-11-07 06:28:36,915 INFO  [OpenRASP Heartbeat Thread][com.baidu.openrasp.config.Config] block.content_json: {"error":true,"reason": "Request blocked by OpenRASP","request_id": "%request_id%"}
2025-11-07 06:28:36,915 INFO  [OpenRASP Heartbeat Thread][com.baidu.openrasp.config.Config] decompile.enable: false
2025-11-07 06:28:36,915 INFO  [OpenRASP Heartbeat Thread][com.baidu.openrasp.config.Config] response.sampler_burst: 5
2025-11-07 06:28:36,915 INFO  [OpenRASP Heartbeat Thread][com.baidu.openrasp.config.Config] syslog.facility: 1
2025-11-07 06:28:36,917 INFO  [OpenRASP Heartbeat Thread][com.baidu.openrasp.config.Config] syslog.tag: OpenRASP
2025-11-07 06:28:36,917 INFO  [OpenRASP Heartbeat Thread][com.baidu.openrasp.config.Config] block.content_xml: <?xml version="1.0"?><doc><error>true</error><reason>Request blocked by OpenRASP</reason><request_id>%request_id%</request_id></doc>
2025-11-07 06:28:36,917 INFO  [OpenRASP Heartbeat Thread][com.baidu.openrasp.config.Config] lru.compare_enable: false
2025-11-07 06:28:36,923 INFO  [OpenRASP Heartbeat Thread][com.baidu.openrasp.config.Config] security.weak_passwords: [111111, 123, 123123, 123456, 123456a, a123456, admin, both, manager, mysql, root, rootweblogic, tomcat, user, weblogic1, weblogic123, welcome1]
2025-11-07 06:28:36,923 INFO  [OpenRASP Heartbeat Thread][com.baidu.openrasp.config.Config] syslog.url: 
2025-11-07 06:28:36,923 INFO  [OpenRASP Heartbeat Thread][com.baidu.openrasp.config.Config] body.maxbytes: 12288
2025-11-07 06:28:36,923 INFO  [OpenRASP Heartbeat Thread][com.baidu.openrasp.config.Config] cpu.usage.enable: false
2025-11-07 06:28:36,924 INFO  [OpenRASP Heartbeat Thread][com.baidu.openrasp.config.Config] ognl.expression.minlength: 30
2025-11-07 06:28:36,924 INFO  [OpenRASP Heartbeat Thread][com.baidu.openrasp.config.Config] log.maxburst: 100
2025-11-07 06:28:36,963 INFO  [OpenRASP Heartbeat Thread][com.baidu.openrasp.config.Config] log.maxbackup: 30
2025-11-07 06:28:36,965 INFO  [OpenRASP Heartbeat Thread][com.baidu.openrasp.config.Config] block.content_html: </script><script>location.href="https://rasp.baidu.com/blocked2/?request_id=%request_id%"</script>
2025-11-07 06:28:36,965 WARN  [OpenRASP Heartbeat Thread][com.baidu.openrasp.messaging.LogTool] [E20004] Unknown config key [fileleak_scan.interval] found in cloud configuration: 
2025-11-07 06:28:36,979 INFO  [OpenRASP Heartbeat Thread][com.baidu.openrasp.config.Config] cpu.usage.interval: 5
2025-11-07 06:28:36,981 INFO  [OpenRASP Heartbeat Thread][com.baidu.openrasp.config.Config] lru.compare_limit: 10240
2025-11-07 06:28:36,981 INFO  [OpenRASP Heartbeat Thread][com.baidu.openrasp.config.Config] lru.max_size: 1000
2025-11-07 06:28:36,984 INFO  [OpenRASP Heartbeat Thread][com.baidu.openrasp.config.Config] inject.custom_headers: {X-Protected-By=OpenRASP}
2025-11-07 06:28:36,985 INFO  [OpenRASP Heartbeat Thread][com.baidu.openrasp.config.Config] plugin.timeout.millis: 100
2025-11-07 06:28:36,985 WARN  [OpenRASP Heartbeat Thread][com.baidu.openrasp.messaging.LogTool] [E20004] Unknown config key [fileleak_scan.name] found in cloud configuration: 
2025-11-07 06:28:36,997 WARN  [OpenRASP Heartbeat Thread][com.baidu.openrasp.messaging.LogTool] [E20004] Unknown config key [log.maxstack] found in cloud configuration: 
2025-11-07 06:28:37,040 WARN  [OpenRASP Heartbeat Thread][com.baidu.openrasp.messaging.LogTool] [E20004] Unknown config key [fileleak_scan.limit] found in cloud configuration: 
2025-11-07 06:28:37,096 WARN  [OpenRASP Heartbeat Thread][com.baidu.openrasp.messaging.LogTool] [E20004] Unknown config key [offline_hosts.cleanup.interval] found in cloud configuration: 
2025-11-07 06:28:37,144 INFO  [OpenRASP Heartbeat Thread][com.baidu.openrasp.config.Config] request.param_encoding: 
2025-11-07 06:28:37,144 INFO  [OpenRASP Heartbeat Thread][com.baidu.openrasp.config.Config] cpu.usage.percent: 90
2025-11-07 06:28:37,144 INFO  [OpenRASP Heartbeat Thread][com.baidu.openrasp.config.Config] block.status_code: 302
2025-11-07 06:28:37,149 INFO  [OpenRASP Heartbeat Thread][com.baidu.openrasp.config.Config] clientip.header: ClientIP
2025-11-07 06:28:37,149 INFO  [OpenRASP Heartbeat Thread][com.baidu.openrasp.config.Config] response.sampler_interval: 60
2025-11-07 06:28:37,149 INFO  [OpenRASP Heartbeat Thread][com.baidu.openrasp.config.Config] syslog.enable: false
2025-11-07 06:28:37,342 WARN  [OpenRASP Heartbeat Thread][com.baidu.openrasp.config.Config] the value of sql_exception.mysql.error_code is null
2025-11-07 06:28:37,342 WARN  [OpenRASP Heartbeat Thread][com.baidu.openrasp.config.Config] the value of sql_exception.sqlite.error_code is null
2025-11-07 06:28:37,343 WARN  [OpenRASP Heartbeat Thread][com.baidu.openrasp.config.Config] the value of sql_exception.oracle.error_code is null
2025-11-07 06:28:37,343 WARN  [OpenRASP Heartbeat Thread][com.baidu.openrasp.config.Config] the value of sql_exception.db2.error_code is null
2025-11-07 06:28:37,343 INFO  [OpenRASP Heartbeat Thread][com.baidu.openrasp.config.Config] sql error codes: {oracle=[1756, 907, 19202, 20000, 1740, 29257, 920, 933, 911, 904], sqlite=[1], hsql=[-5590, -5584, -5583], mysql=[1105, 1367, 1064, 1062, 1060]}
2025-11-07 06:28:37,344 INFO  [OpenRASP Heartbeat Thread][com.baidu.openrasp.config.Config] sql error states: {db2=[42603], hsql=[42583, 42584, 42590]}
2025-11-07 06:28:37,344 WARN  [OpenRASP Heartbeat Thread][com.baidu.openrasp.config.Config] failed to get the log_regex.regex element from algorithm config
2025-11-07 06:28:37,344 INFO  [OpenRASP Heartbeat Thread][com.baidu.openrasp.config.Config] log_regex.regex: {}
2025-11-07 06:28:37,345 INFO  [OpenRASP Heartbeat Thread][com.baidu.openrasp.config.Config] algorithm.config: {"command_common":{"action":"log","name":"算法3 - 识别常用渗透命令（探针）","pattern":"cat.{1,5}/etc/passwd|nc.{1,30}-e.{1,100}/bin/(?:ba)?sh|bash\\s-.{0,4}i.{1,20}/dev/tcp/|subprocess.call\\(.{0,6}/bin/(?:ba)?sh|fsockopen\\(.{1,50}/bin/(?:ba)?sh|perl.{1,80}socket.{1,120}open.{1,80}exec\\(.{1,5}/bin/(?:ba)?sh"},"command_dnslog":{"action":"log","name":"算法6 - dnslog类命令","pattern_cmd":"(^|\\W)(curl|ping|wget|nslookup|dig)\\W","pattern_domain":"\\.((ceye|exeye|sslip|nip)\\.io|dnslog\\.cn|(vcap|bxss)\\.me|xip\\.(name|io)|burpcollaborator\\.net|tu4\\.org|2xss\\.cc|request\\.bin|requestbin\\.net|pipedream\\.net)"},"command_error":{"action":"log","alarm_token":["",""],"alarm_token_enable":true,"concat_char":["|",";"],"name":"算法4 - 查找语法错误和敏感操作","sensitive_cmd":["curl","bash","cat","sh"],"sensitive_cmd_enable":true,"unbalanced_quote_enable":true},"command_other":{"action":"ignore","name":"算法5 - 记录或者拦截所有命令执行操作"},"command_reflect":{"action":"log","name":"算法1 - 通过反射执行命令，比如反序列化、加密后门"},"command_userinput":{"action":"log","java_unexploitable_filter":true,"min_length":2,"name":"算法2 - 用户输入匹配算法，包括命令注入检测"},"deleteFile_userinput":{"action":"log","lcs_search":false,"name":"算法1 - 用户输入匹配，禁止使用 ../ 删除文件"},"deserialization_blacklist":{"action":"log","clazz":["org.apache.commons.collections.functors.ChainedTransformer","org.apache.commons.collections.functors.InvokerTransformer","org.apache.commons.collections.functors.InstantiateTransformer","org.apache.commons.collections4.functors.InvokerTransformer","org.apache.commons.collections4.functors.InstantiateTransformer","org.codehaus.groovy.runtime.ConvertedClosure","org.codehaus.groovy.runtime.MethodClosure","org.springframework.beans.factory.ObjectFactory","org.apache.xalan.xsltc.trax.TemplatesImpl","com.sun.org.apache.xalan.internal.xsltc.trax.TemplatesImpl","com.mchange.v2.c3p0.impl.PoolBackedDataSourceBase"],"name":"算法1 - 反序列化黑名单过滤"},"directory_reflect":{"action":"log","name":"算法2 - 通过反射调用，查看目录内容"},"directory_unwanted":{"action":"log","name":"算法3 - 尝试查看敏感目录"},"directory_userinput":{"action":"log","lcs_search":false,"name":"算法1 - 用户输入匹配算法"},"dns_blacklist":{"action":"log","name":"算法1 - 拦截DNS黑名单查询(比如DNSLog)"},"eval_regex":{"action":"ignore","name":"算法1 - 正则表达式","regex":"base64_decode|gzuncompress|create_function"},"fileUpload_multipart_exe":{"action":"ignore","name":"算法3 - Multipart 方式上传 DLL/EXE 等文件"},"fileUpload_multipart_html":{"action":"ignore","name":"算法3 - Multipart 方式上传 HTML/JS 等文件"},"fileUpload_multipart_script":{"action":"log","name":"算法2 - Multipart 方式上传 PHP/JSP 等脚本文件"},"fileUpload_webdav":{"action":"log","name":"算法1 - MOVE 方式上传脚本文件"},"include_protocol":{"action":"log","name":"算法2 - 尝试包含 jar:// 等异常协议","protocols":["file","gopher","jar","netdoc","http","https","dict","php","compress.zlib","compress.bzip2","zip","rar"]},"include_userinput":{"action":"log","lcs_search":false,"name":"算法1 - 用户输入匹配算法"},"jndi_disable_all":{"action":"log","name":"算法1 - 拦截所有JNDI调用"},"link_webshell":{"action":"log","name":"算法1 - 通过链接方式获取 WebShell"},"loadLibrary_unc":{"action":"log","name":"算法1 - 拦截 UNC 路径类库加载"},"meta":{"all_log":true,"is_dev":false,"log_event":false,"schema_version":1},"ognl_blacklist":{"action":"log","expression":["ognl.OgnlContext","ognl.TypeConverter","ognl.MemberAccess","_memberAccess","ognl.ClassResolver","java.lang.Runtime","java.lang.Class","java.lang.ClassLoader","java.lang.System","java.lang.ProcessBuilder","java.lang.Object","java.lang.Shutdown","java.io.File","javax.script.ScriptEngineManager","com.opensymphony.xwork2.ActionContext"],"name":"算法1 - OGNL语句黑名单"},"readFile_outsideWebroot":{"action":"ignore","name":"算法4 - 禁止使用 ../../ 访问web目录以外的文件","reference":"https://rasp.baidu.com/doc/dev/official.html#case-out-webroot"},"readFile_unwanted":{"action":"log","name":"算法5 - 文件探针算法"},"readFile_userinput":{"action":"log","lcs_search":false,"name":"算法1 - 用户输入匹配算法"},"readFile_userinput_http":{"action":"log","name":"算法2 - 用户输入匹配算法 + http 协议"},"readFile_userinput_unwanted":{"action":"log","name":"算法3 - 拦截 php:// 等异常协议"},"rename_webshell":{"action":"log","name":"算法1 - 通过重命名方式获取 WebShell"},"response_dataLeak":{"action":"ignore","content_type":"html|json|xml","kind":{"bank_card":true,"identity_card":true,"phone":true},"name":"算法1 - 检查响应里是否有敏感信息"},"sql_exception":{"action":"log","db2":{"error_state":["42603"]},"hsql":{"error_code":[-5583,-5584,-5590],"error_state":["42583","42584","42590"]},"mssql":{"error_code":[105,245]},"mysql":{"error_code":[1060,1062,1064,1105,1367]},"name":"算法3 - 记录数据库异常","oracle":{"error_code":[933,29257,20000,904,19202,1756,1740,920,907,911]},"pgsql":{"error_code":["42601","22P02"],"error_state":["42601","22P02"]},"reference":"https://rasp.baidu.com/doc/dev/official.html#sql-exception","sqlite":{"error_code":[1]}},"sql_policy":{"action":"log","feature":{"function_blacklist":true,"function_count":false,"information_schema":false,"into_outfile":true,"no_hex":false,"stacked_query":false,"union_null":true,"version_comment":true},"function_blacklist":{"ascii":false,"benchmark":true,"bin":false,"extractvalue":true,"hex":false,"is_srvrolemember":true,"load_file":true,"mid":false,"ord":false,"pg_sleep":true,"sleep":true,"updatexml":true},"function_count":{"char":5,"chr":5},"name":"算法2 - 拦截异常SQL语句","pre_filter":";|\\/\\*|(?:\\d{1,2}\\s*,\\s*){2}|(?:null\\s*,\\s*){2}|0x[\\da-f]{8}|\\W(information_schema|outfile|dumpfile|load_file|benchmark|pg_sleep|sleep|is_srvrolemember|updatexml|extractvalue|hex|char|chr|mid|ord|ascii|bin)\\W"},"sql_regex":{"action":"ignore","name":"算法4 - 正则表达式算法","regex":"information_schema"},"sql_userinput":{"action":"log","allow_full":true,"anti_detect_enable":true,"anti_detect_filter":"add|all|alter|analyze|and|any|as|asc|avg|begin|between|by|case|create|count|delete|desc|do|dumpfile|else|elseif|end|exists|false|file|float|flush|follows|from|group|having|identified|if|in|insert|interval|into|join|last|like|limit|loop|not|null|on|or|order|procedure|regexp|return|rlike|select|then|true|union|update|values|xor","lcs_search":false,"min_length":8,"name":"算法1 - 用户输入匹配算法","pre_enable":false,"pre_filter":"select|file|from|;"},"ssrf_aws":{"action":"log","name":"算法2 - 拦截 AWS/Aliyun/GCP metadata 访问"},"ssrf_common":{"action":"log","name":"算法3 - 拦截常见 dnslog 地址"},"ssrf_obfuscate":{"action":"ignore","name":"算法4 - 拦截混淆地址"},"ssrf_protocol":{"action":"log","name":"算法5 - 拦截 php:// 等异常协议","protocols":["file","gopher","local_file","local-file","jar","netdoc","dict","php","phar","compress.zlib","compress.bzip2"]},"ssrf_userinput":{"action":"log","name":"算法1 - 用户输入匹配算法（支持 rebind 检测）"},"webshell_callable":{"action":"log","functions":["system","exec","passthru","proc_open","shell_exec","popen","pcntl_exec","assert"],"name":"算法4 - 拦截简单的PHP array_map/walk/filter 后门"},"webshell_command":{"action":"log","name":"算法2 - 拦截简单的PHP命令执行后门"},"webshell_eval":{"action":"log","name":"算法1 - 拦截简单的PHP中国菜刀后门"},"webshell_file_put_contents":{"action":"log","name":"算法3 - 拦截简单的PHP文件上传后门"},"webshell_ld_preload":{"action":"log","env":["LD_PRELOAD","LD_AUDIT","GCONV_PATH"],"name":"算法5 - 拦截PHP putenv 相关后门"},"writeFile_NTFS":{"action":"log","name":"算法1 - 拦截 NTFS :: 写入操作"},"writeFile_reflect":{"action":"log","name":"算法3 - 拦截通过反射、反序列化执行的文件写入操作"},"writeFile_script":{"action":"log","lcs_search":false,"name":"算法2 - 拦截 php/jsp 等脚本文件的写入操作","reference":"https://rasp.baidu.com/doc/dev/official.html#case-file-write","userinput":true},"xss_echo":{"action":"log","filter_regex":"<![\\-\\[A-Za-z]|<([A-Za-z]{1,12})[\\/>\\x00-\\x20]","name":"算法1 - PHP: 禁止直接输出GPC参数"},"xss_userinput":{"action":"log","filter_regex":"<![\\-\\[A-Za-z]|<([A-Za-z]{1,12})[\\/>\\x00-\\x20]","max_detection_num":10,"min_length":15,"name":"算法2 - 拦截输出在响应里的反射XSS"},"xxe_disable_entity":{"action":"ignore","clazz":{"java_dom":true,"java_dom4j":true,"java_jdom":true,"java_sax":true,"java_stax":true},"name":"算法1 - 禁止外部实体加载（记录日志等同于完全忽略）"},"xxe_file":{"action":"log","name":"算法3 - 使用 file:// 协议读取文件","reference":"https://rasp.baidu.com/doc/dev/official.html#case-xxe"},"xxe_protocol":{"action":"log","name":"算法2 - 使用 ftp:// 等异常协议加载外部实体","protocols":["ftp","dict","gopher","netdoc","mailto"]}}
2025-11-07 06:57:09,061 INFO  [OpenRASP Heartbeat Thread][com.baidu.openrasp.config.Config] plugin.maxstack: 100
2025-11-07 06:57:09,065 INFO  [OpenRASP Heartbeat Thread][com.baidu.openrasp.config.Config] block.redirect_url: https://rasp.baidu.com/blocked/?request_id=%request_id%
2025-11-07 06:57:09,066 INFO  [OpenRASP Heartbeat Thread][com.baidu.openrasp.config.Config] dependency_check.interval: 43200
2025-11-07 06:57:09,068 INFO  [OpenRASP Heartbeat Thread][com.baidu.openrasp.config.Config] hook.white: {}
2025-11-07 06:57:09,068 INFO  [OpenRASP Heartbeat Thread][com.baidu.openrasp.config.Config] plugin.filter: true
2025-11-07 06:57:09,070 INFO  [OpenRASP Heartbeat Thread][com.baidu.openrasp.config.Config] debug.level: 0
2025-11-07 06:57:09,072 INFO  [OpenRASP Heartbeat Thread][com.baidu.openrasp.config.Config] block.content_json: {"error":true,"reason": "Request blocked by OpenRASP","request_id": "%request_id%"}
2025-11-07 06:57:09,072 INFO  [OpenRASP Heartbeat Thread][com.baidu.openrasp.config.Config] decompile.enable: false
2025-11-07 06:57:09,073 INFO  [OpenRASP Heartbeat Thread][com.baidu.openrasp.config.Config] response.sampler_burst: 5
2025-11-07 06:57:09,073 INFO  [OpenRASP Heartbeat Thread][com.baidu.openrasp.config.Config] syslog.facility: 1
2025-11-07 06:57:09,073 INFO  [OpenRASP Heartbeat Thread][com.baidu.openrasp.config.Config] syslog.tag: OpenRASP
2025-11-07 06:57:09,073 INFO  [OpenRASP Heartbeat Thread][com.baidu.openrasp.config.Config] block.content_xml: <?xml version="1.0"?><doc><error>true</error><reason>Request blocked by OpenRASP</reason><request_id>%request_id%</request_id></doc>
2025-11-07 06:57:09,073 INFO  [OpenRASP Heartbeat Thread][com.baidu.openrasp.config.Config] lru.compare_enable: false
2025-11-07 06:57:09,077 INFO  [OpenRASP Heartbeat Thread][com.baidu.openrasp.config.Config] security.weak_passwords: [111111, 123, 123123, 123456, 123456a, a123456, admin, both, manager, mysql, root, rootweblogic, tomcat, user, weblogic1, weblogic123, welcome1]
2025-11-07 06:57:09,078 INFO  [OpenRASP Heartbeat Thread][com.baidu.openrasp.config.Config] syslog.url: 
2025-11-07 06:57:09,079 INFO  [OpenRASP Heartbeat Thread][com.baidu.openrasp.config.Config] body.maxbytes: 12288
2025-11-07 06:57:09,079 INFO  [OpenRASP Heartbeat Thread][com.baidu.openrasp.config.Config] cpu.usage.enable: false
2025-11-07 06:57:09,079 INFO  [OpenRASP Heartbeat Thread][com.baidu.openrasp.config.Config] ognl.expression.minlength: 30
2025-11-07 06:57:09,080 INFO  [OpenRASP Heartbeat Thread][com.baidu.openrasp.config.Config] log.maxburst: 100
2025-11-07 06:57:09,080 INFO  [OpenRASP Heartbeat Thread][com.baidu.openrasp.config.Config] log.maxbackup: 30
2025-11-07 06:57:09,080 INFO  [OpenRASP Heartbeat Thread][com.baidu.openrasp.config.Config] block.content_html: </script><script>location.href="https://rasp.baidu.com/blocked2/?request_id=%request_id%"</script>
2025-11-07 06:57:09,080 WARN  [OpenRASP Heartbeat Thread][com.baidu.openrasp.messaging.LogTool] [E20004] Unknown config key [fileleak_scan.interval] found in cloud configuration: 
2025-11-07 06:57:09,088 INFO  [OpenRASP Heartbeat Thread][com.baidu.openrasp.config.Config] cpu.usage.interval: 5
2025-11-07 06:57:09,092 INFO  [OpenRASP Heartbeat Thread][com.baidu.openrasp.config.Config] lru.compare_limit: 10240
2025-11-07 06:57:09,093 INFO  [OpenRASP Heartbeat Thread][com.baidu.openrasp.config.Config] lru.max_size: 1000
2025-11-07 06:57:09,099 INFO  [OpenRASP Heartbeat Thread][com.baidu.openrasp.config.Config] inject.custom_headers: {X-Protected-By=OpenRASP}
2025-11-07 06:57:09,099 INFO  [OpenRASP Heartbeat Thread][com.baidu.openrasp.config.Config] plugin.timeout.millis: 100
2025-11-07 06:57:09,099 WARN  [OpenRASP Heartbeat Thread][com.baidu.openrasp.messaging.LogTool] [E20004] Unknown config key [fileleak_scan.name] found in cloud configuration: 
2025-11-07 06:57:09,110 WARN  [OpenRASP Heartbeat Thread][com.baidu.openrasp.messaging.LogTool] [E20004] Unknown config key [log.maxstack] found in cloud configuration: 
2025-11-07 06:57:09,140 WARN  [OpenRASP Heartbeat Thread][com.baidu.openrasp.messaging.LogTool] [E20004] Unknown config key [fileleak_scan.limit] found in cloud configuration: 
2025-11-07 06:57:09,158 WARN  [OpenRASP Heartbeat Thread][com.baidu.openrasp.messaging.LogTool] [E20004] Unknown config key [offline_hosts.cleanup.interval] found in cloud configuration: 
2025-11-07 06:57:09,184 INFO  [OpenRASP Heartbeat Thread][com.baidu.openrasp.config.Config] request.param_encoding: 
2025-11-07 06:57:09,184 INFO  [OpenRASP Heartbeat Thread][com.baidu.openrasp.config.Config] cpu.usage.percent: 90
2025-11-07 06:57:09,184 INFO  [OpenRASP Heartbeat Thread][com.baidu.openrasp.config.Config] block.status_code: 302
2025-11-07 06:57:09,193 INFO  [OpenRASP Heartbeat Thread][com.baidu.openrasp.config.Config] clientip.header: ClientIP
2025-11-07 06:57:09,193 INFO  [OpenRASP Heartbeat Thread][com.baidu.openrasp.config.Config] response.sampler_interval: 60
2025-11-07 06:57:09,193 INFO  [OpenRASP Heartbeat Thread][com.baidu.openrasp.config.Config] syslog.enable: false
2025-11-07 06:57:09,350 WARN  [OpenRASP Heartbeat Thread][com.baidu.openrasp.config.Config] the value of sql_exception.mysql.error_code is null
2025-11-07 06:57:09,350 WARN  [OpenRASP Heartbeat Thread][com.baidu.openrasp.config.Config] the value of sql_exception.sqlite.error_code is null
2025-11-07 06:57:09,350 WARN  [OpenRASP Heartbeat Thread][com.baidu.openrasp.config.Config] the value of sql_exception.oracle.error_code is null
2025-11-07 06:57:09,351 WARN  [OpenRASP Heartbeat Thread][com.baidu.openrasp.config.Config] the value of sql_exception.db2.error_code is null
2025-11-07 06:57:09,351 INFO  [OpenRASP Heartbeat Thread][com.baidu.openrasp.config.Config] sql error codes: {oracle=[1756, 907, 19202, 20000, 1740, 29257, 920, 933, 911, 904], sqlite=[1], hsql=[-5590, -5584, -5583], mysql=[1105, 1367, 1064, 1062, 1060]}
2025-11-07 06:57:09,351 INFO  [OpenRASP Heartbeat Thread][com.baidu.openrasp.config.Config] sql error states: {db2=[42603], hsql=[42583, 42584, 42590]}
2025-11-07 06:57:09,357 WARN  [OpenRASP Heartbeat Thread][com.baidu.openrasp.config.Config] failed to get the log_regex.regex element from algorithm config
2025-11-07 06:57:09,357 INFO  [OpenRASP Heartbeat Thread][com.baidu.openrasp.config.Config] log_regex.regex: {}
2025-11-07 06:57:09,357 INFO  [OpenRASP Heartbeat Thread][com.baidu.openrasp.config.Config] algorithm.config: {"command_common":{"action":"log","name":"算法3 - 识别常用渗透命令（探针）","pattern":"cat.{1,5}/etc/passwd|nc.{1,30}-e.{1,100}/bin/(?:ba)?sh|bash\\s-.{0,4}i.{1,20}/dev/tcp/|subprocess.call\\(.{0,6}/bin/(?:ba)?sh|fsockopen\\(.{1,50}/bin/(?:ba)?sh|perl.{1,80}socket.{1,120}open.{1,80}exec\\(.{1,5}/bin/(?:ba)?sh"},"command_dnslog":{"action":"log","name":"算法6 - dnslog类命令","pattern_cmd":"(^|\\W)(curl|ping|wget|nslookup|dig)\\W","pattern_domain":"\\.((ceye|exeye|sslip|nip)\\.io|dnslog\\.cn|(vcap|bxss)\\.me|xip\\.(name|io)|burpcollaborator\\.net|tu4\\.org|2xss\\.cc|request\\.bin|requestbin\\.net|pipedream\\.net)"},"command_error":{"action":"log","alarm_token":["",""],"alarm_token_enable":true,"concat_char":["|",";"],"name":"算法4 - 查找语法错误和敏感操作","sensitive_cmd":["curl","bash","cat","sh"],"sensitive_cmd_enable":true,"unbalanced_quote_enable":true},"command_other":{"action":"ignore","name":"算法5 - 记录或者拦截所有命令执行操作"},"command_reflect":{"action":"block","name":"算法1 - 通过反射执行命令，比如反序列化、加密后门"},"command_userinput":{"action":"block","java_unexploitable_filter":true,"min_length":2,"name":"算法2 - 用户输入匹配算法，包括命令注入检测"},"deleteFile_userinput":{"action":"block","lcs_search":false,"name":"算法1 - 用户输入匹配，禁止使用 ../ 删除文件"},"deserialization_blacklist":{"action":"block","clazz":["org.apache.commons.collections.functors.ChainedTransformer","org.apache.commons.collections.functors.InvokerTransformer","org.apache.commons.collections.functors.InstantiateTransformer","org.apache.commons.collections4.functors.InvokerTransformer","org.apache.commons.collections4.functors.InstantiateTransformer","org.codehaus.groovy.runtime.ConvertedClosure","org.codehaus.groovy.runtime.MethodClosure","org.springframework.beans.factory.ObjectFactory","org.apache.xalan.xsltc.trax.TemplatesImpl","com.sun.org.apache.xalan.internal.xsltc.trax.TemplatesImpl","com.mchange.v2.c3p0.impl.PoolBackedDataSourceBase"],"name":"算法1 - 反序列化黑名单过滤"},"directory_reflect":{"action":"block","name":"算法2 - 通过反射调用，查看目录内容"},"directory_unwanted":{"action":"log","name":"算法3 - 尝试查看敏感目录"},"directory_userinput":{"action":"block","lcs_search":false,"name":"算法1 - 用户输入匹配算法"},"dns_blacklist":{"action":"block","name":"算法1 - 拦截DNS黑名单查询(比如DNSLog)"},"eval_regex":{"action":"ignore","name":"算法1 - 正则表达式","regex":"base64_decode|gzuncompress|create_function"},"fileUpload_multipart_exe":{"action":"ignore","name":"算法3 - Multipart 方式上传 DLL/EXE 等文件"},"fileUpload_multipart_html":{"action":"ignore","name":"算法3 - Multipart 方式上传 HTML/JS 等文件"},"fileUpload_multipart_script":{"action":"block","name":"算法2 - Multipart 方式上传 PHP/JSP 等脚本文件"},"fileUpload_webdav":{"action":"block","name":"算法1 - MOVE 方式上传脚本文件"},"include_protocol":{"action":"block","name":"算法2 - 尝试包含 jar:// 等异常协议","protocols":["file","gopher","jar","netdoc","http","https","dict","php","compress.zlib","compress.bzip2","zip","rar"]},"include_userinput":{"action":"block","lcs_search":false,"name":"算法1 - 用户输入匹配算法"},"jndi_disable_all":{"action":"block","name":"算法1 - 拦截所有JNDI调用"},"link_webshell":{"action":"block","name":"算法1 - 通过链接方式获取 WebShell"},"loadLibrary_unc":{"action":"block","name":"算法1 - 拦截 UNC 路径类库加载"},"meta":{"all_log":false,"is_dev":false,"log_event":false,"schema_version":1},"ognl_blacklist":{"action":"block","expression":["ognl.OgnlContext","ognl.TypeConverter","ognl.MemberAccess","_memberAccess","ognl.ClassResolver","java.lang.Runtime","java.lang.Class","java.lang.ClassLoader","java.lang.System","java.lang.ProcessBuilder","java.lang.Object","java.lang.Shutdown","java.io.File","javax.script.ScriptEngineManager","com.opensymphony.xwork2.ActionContext"],"name":"算法1 - OGNL语句黑名单"},"readFile_outsideWebroot":{"action":"ignore","name":"算法4 - 禁止使用 ../../ 访问web目录以外的文件","reference":"https://rasp.baidu.com/doc/dev/official.html#case-out-webroot"},"readFile_unwanted":{"action":"log","name":"算法5 - 文件探针算法"},"readFile_userinput":{"action":"block","lcs_search":false,"name":"算法1 - 用户输入匹配算法"},"readFile_userinput_http":{"action":"block","name":"算法2 - 用户输入匹配算法 + http 协议"},"readFile_userinput_unwanted":{"action":"block","name":"算法3 - 拦截 php:// 等异常协议"},"rename_webshell":{"action":"block","name":"算法1 - 通过重命名方式获取 WebShell"},"response_dataLeak":{"action":"ignore","content_type":"html|json|xml","kind":{"bank_card":true,"identity_card":true,"phone":true},"name":"算法1 - 检查响应里是否有敏感信息"},"sql_exception":{"action":"log","db2":{"error_state":["42603"]},"hsql":{"error_code":[-5583,-5584,-5590],"error_state":["42583","42584","42590"]},"mssql":{"error_code":[105,245]},"mysql":{"error_code":[1060,1062,1064,1105,1367]},"name":"算法3 - 记录数据库异常","oracle":{"error_code":[933,29257,20000,904,19202,1756,1740,920,907,911]},"pgsql":{"error_code":["42601","22P02"],"error_state":["42601","22P02"]},"reference":"https://rasp.baidu.com/doc/dev/official.html#sql-exception","sqlite":{"error_code":[1]}},"sql_policy":{"action":"block","feature":{"function_blacklist":true,"function_count":false,"information_schema":false,"into_outfile":true,"no_hex":false,"stacked_query":false,"union_null":true,"version_comment":true},"function_blacklist":{"ascii":false,"benchmark":true,"bin":false,"extractvalue":true,"hex":false,"is_srvrolemember":true,"load_file":true,"mid":false,"ord":false,"pg_sleep":true,"sleep":true,"updatexml":true},"function_count":{"char":5,"chr":5},"name":"算法2 - 拦截异常SQL语句","pre_filter":";|\\/\\*|(?:\\d{1,2}\\s*,\\s*){2}|(?:null\\s*,\\s*){2}|0x[\\da-f]{8}|\\W(information_schema|outfile|dumpfile|load_file|benchmark|pg_sleep|sleep|is_srvrolemember|updatexml|extractvalue|hex|char|chr|mid|ord|ascii|bin)\\W"},"sql_regex":{"action":"ignore","name":"算法4 - 正则表达式算法","regex":"information_schema"},"sql_userinput":{"action":"block","allow_full":true,"anti_detect_enable":true,"anti_detect_filter":"add|all|alter|analyze|and|any|as|asc|avg|begin|between|by|case|create|count|delete|desc|do|dumpfile|else|elseif|end|exists|false|file|float|flush|follows|from|group|having|identified|if|in|insert|interval|into|join|last|like|limit|loop|not|null|on|or|order|procedure|regexp|return|rlike|select|then|true|union|update|values|xor","lcs_search":false,"min_length":8,"name":"算法1 - 用户输入匹配算法","pre_enable":false,"pre_filter":"select|file|from|;"},"ssrf_aws":{"action":"block","name":"算法2 - 拦截 AWS/Aliyun/GCP metadata 访问"},"ssrf_common":{"action":"block","name":"算法3 - 拦截常见 dnslog 地址"},"ssrf_obfuscate":{"action":"ignore","name":"算法4 - 拦截混淆地址"},"ssrf_protocol":{"action":"block","name":"算法5 - 拦截 php:// 等异常协议","protocols":["file","gopher","local_file","local-file","jar","netdoc","dict","php","phar","compress.zlib","compress.bzip2"]},"ssrf_userinput":{"action":"block","name":"算法1 - 用户输入匹配算法（支持 rebind 检测）"},"webshell_callable":{"action":"block","functions":["system","exec","passthru","proc_open","shell_exec","popen","pcntl_exec","assert"],"name":"算法4 - 拦截简单的PHP array_map/walk/filter 后门"},"webshell_command":{"action":"block","name":"算法2 - 拦截简单的PHP命令执行后门"},"webshell_eval":{"action":"block","name":"算法1 - 拦截简单的PHP中国菜刀后门"},"webshell_file_put_contents":{"action":"block","name":"算法3 - 拦截简单的PHP文件上传后门"},"webshell_ld_preload":{"action":"block","env":["LD_PRELOAD","LD_AUDIT","GCONV_PATH"],"name":"算法5 - 拦截PHP putenv 相关后门"},"writeFile_NTFS":{"action":"block","name":"算法1 - 拦截 NTFS :: 写入操作"},"writeFile_reflect":{"action":"log","name":"算法3 - 拦截通过反射、反序列化执行的文件写入操作"},"writeFile_script":{"action":"block","lcs_search":false,"name":"算法2 - 拦截 php/jsp 等脚本文件的写入操作","reference":"https://rasp.baidu.com/doc/dev/official.html#case-file-write","userinput":true},"xss_echo":{"action":"log","filter_regex":"<![\\-\\[A-Za-z]|<([A-Za-z]{1,12})[\\/>\\x00-\\x20]","name":"算法1 - PHP: 禁止直接输出GPC参数"},"xss_userinput":{"action":"block","filter_regex":"<![\\-\\[A-Za-z]|<([A-Za-z]{1,12})[\\/>\\x00-\\x20]","max_detection_num":10,"min_length":15,"name":"算法2 - 拦截输出在响应里的反射XSS"},"xxe_disable_entity":{"action":"ignore","clazz":{"java_dom":true,"java_dom4j":true,"java_jdom":true,"java_sax":true,"java_stax":true},"name":"算法1 - 禁止外部实体加载（记录日志等同于完全忽略）"},"xxe_file":{"action":"log","name":"算法3 - 使用 file:// 协议读取文件","reference":"https://rasp.baidu.com/doc/dev/official.html#case-xxe"},"xxe_protocol":{"action":"block","name":"算法2 - 使用 ftp:// 等异常协议加载外部实体","protocols":["ftp","dict","gopher","netdoc","mailto"]}}
2025-11-07 07:20:44,830 INFO  [main][com.baidu.openrasp.config.Config] plugin.timeout.millis use the default value: 100
2025-11-07 07:20:44,832 INFO  [main][com.baidu.openrasp.config.Config] hooks.ignore: http_output
2025-11-07 07:20:44,832 INFO  [main][com.baidu.openrasp.config.Config] inject.urlprefix use the default value: 
2025-11-07 07:20:44,832 INFO  [main][com.baidu.openrasp.config.Config] request.param_encoding use the default value: 
2025-11-07 07:20:44,832 INFO  [main][com.baidu.openrasp.config.Config] body.maxbytes use the default value: 12288
2025-11-07 07:20:44,832 INFO  [main][com.baidu.openrasp.config.Config] log.maxbackup use the default value: 30
2025-11-07 07:20:44,833 INFO  [main][com.baidu.openrasp.config.Config] plugin.maxstack use the default value: 100
2025-11-07 07:20:44,842 INFO  [main][com.baidu.openrasp.config.Config] lru.max_size use the default value: 1024
2025-11-07 07:20:44,843 INFO  [main][com.baidu.openrasp.config.Config] plugin.filter use the default value: true
2025-11-07 07:20:44,844 INFO  [main][com.baidu.openrasp.config.Config] ognl.expression.minlength use the default value: 30
2025-11-07 07:20:44,845 INFO  [main][com.baidu.openrasp.config.Config] sql.slowquery.min_rows use the default value: 500
2025-11-07 07:20:44,845 INFO  [main][com.baidu.openrasp.config.Config] block.status_code use the default value: 302
2025-11-07 07:20:44,846 INFO  [main][com.baidu.openrasp.config.Config] debug.level use the default value: 0
2025-11-07 07:20:44,846 INFO  [main][com.baidu.openrasp.config.Config] clientip.header use the default value: ClientIP
2025-11-07 07:20:44,846 INFO  [main][com.baidu.openrasp.config.Config] block.redirect_url use the default value: https://rasp.baidu.com/blocked/?request_id=%request_id%
2025-11-07 07:20:44,846 INFO  [main][com.baidu.openrasp.config.Config] block.content_json use the default value: {"error":true, "reason": "Request blocked by OpenRASP", "request_id": "%request_id%"}
2025-11-07 07:20:44,847 INFO  [main][com.baidu.openrasp.config.Config] block.content_xml use the default value: <?xml version="1.0"?><doc><error>true</error><reason>Request blocked by OpenRASP</reason><request_id>%request_id%</request_id></doc>
2025-11-07 07:20:44,847 INFO  [main][com.baidu.openrasp.config.Config] block.content_html use the default value: </script><script>location.href="https://rasp.baidu.com/blocked2/?request_id=%request_id%"</script>
2025-11-07 07:20:44,848 INFO  [main][com.baidu.openrasp.config.Config] cloud.enable: true
2025-11-07 07:20:44,849 INFO  [main][com.baidu.openrasp.config.Config] cloud.backend_url: http://192.168.203.141:8086
2025-11-07 07:20:44,849 INFO  [main][com.baidu.openrasp.config.Config] cloud.app_id: 0c91b98f2aa79983228f10fc37725da726bd31d6
2025-11-07 07:20:44,850 INFO  [main][com.baidu.openrasp.config.Config] cloud.app_secret: O3HUqrDFqauBGqsHhkp0yxyMc87lU83NuIGxQBoStIU
2025-11-07 07:20:44,850 INFO  [main][com.baidu.openrasp.config.Config] rasp.id use the default value: 
2025-11-07 07:20:44,851 INFO  [main][com.baidu.openrasp.config.Config] syslog.enable use the default value: false
2025-11-07 07:20:44,852 INFO  [main][com.baidu.openrasp.config.Config] syslog.url use the default value: 
2025-11-07 07:20:44,853 INFO  [main][com.baidu.openrasp.config.Config] syslog.tag use the default value: OPENRASP
2025-11-07 07:20:44,855 INFO  [main][com.baidu.openrasp.config.Config] syslog.facility use the default value: 1
2025-11-07 07:20:44,856 INFO  [main][com.baidu.openrasp.config.Config] syslog.reconnect_interval use the default value: 300000
2025-11-07 07:20:44,857 INFO  [main][com.baidu.openrasp.config.Config] log.maxburst use the default value: 100
2025-11-07 07:20:44,858 INFO  [main][com.baidu.openrasp.config.Config] cloud.heartbeat_interval use the default value: 90
2025-11-07 07:20:44,861 INFO  [main][com.baidu.openrasp.config.Config] hook.white use the default value: {}
2025-11-07 07:20:44,862 INFO  [main][com.baidu.openrasp.config.Config] hook.white.ALL use the default value: true
2025-11-07 07:20:44,862 INFO  [main][com.baidu.openrasp.config.Config] decompile.enable use the default value: false
2025-11-07 07:20:44,866 INFO  [main][com.baidu.openrasp.config.Config] inject.custom_headers: {X-Protected-By=OpenRASP}
2025-11-07 07:20:44,867 INFO  [main][com.baidu.openrasp.config.Config] dependency_check.interval use the default value: 21600
2025-11-07 07:20:44,868 INFO  [main][com.baidu.openrasp.config.Config] dependency_check.enable use the default value: false
2025-11-07 07:20:44,887 INFO  [main][com.baidu.openrasp.config.Config] security.weak_passwords use the default value: [111111, 123, 123123, 123456, 123456a, a123456, admin, both, manager, mysql, root, rootweblogic, tomcat, user, weblogic1, weblogic123, welcome1]
2025-11-07 07:20:44,889 INFO  [main][com.baidu.openrasp.config.Config] cpu.usage.percent use the default value: 90
2025-11-07 07:20:45,053 INFO  [main][com.baidu.openrasp.config.Config] cpu.usage.enable use the default value: false
2025-11-07 07:20:45,057 INFO  [main][com.baidu.openrasp.config.Config] cpu.usage.interval use the default value: 5
2025-11-07 07:20:45,058 INFO  [main][com.baidu.openrasp.config.Config] openrasp.ssl_verifypeer use the default value: false
2025-11-07 07:20:45,059 INFO  [main][com.baidu.openrasp.config.Config] file_monitor.mode use the default value: scan
2025-11-07 07:20:45,060 INFO  [main][com.baidu.openrasp.config.Config] file_monitor.interval use the default value: 3
2025-11-07 07:20:45,065 INFO  [main][com.baidu.openrasp.config.Config] iast.enable use the default value: false
2025-11-07 07:20:45,066 INFO  [main][com.baidu.openrasp.config.Config] lru.compare_enable use the default value: false
2025-11-07 07:20:45,069 INFO  [main][com.baidu.openrasp.config.Config] lru.compare_limit use the default value: 10240
2025-11-07 07:20:45,070 INFO  [main][com.baidu.openrasp.config.Config] response.sampler_interval use the default value: 60
2025-11-07 07:20:45,071 INFO  [main][com.baidu.openrasp.config.Config] response.sampler_burst use the default value: 5
2025-11-07 07:20:45,073 INFO  [main][com.baidu.openrasp.config.Config] baseDirectory: /home/enen/projects/bailianyingyong/chatbotAi/rasp
2025-11-07 07:20:45,562 INFO  [main][com.baidu.openrasp.transformer.CustomClassTransformer] ignore hook type http_output, class com.baidu.openrasp.hook.server.bes.BESHttpResponseHook
2025-11-07 07:20:45,567 INFO  [main][com.baidu.openrasp.transformer.CustomClassTransformer] ignore hook type http_output, class com.baidu.openrasp.hook.server.resin.ResinOutputCloseHook
2025-11-07 07:20:45,568 INFO  [main][com.baidu.openrasp.transformer.CustomClassTransformer] ignore hook type http_output, class com.baidu.openrasp.hook.server.websphere.WebsphereHttpOutputHook
2025-11-07 07:20:45,570 INFO  [main][com.baidu.openrasp.transformer.CustomClassTransformer] ignore hook type http_output, class com.baidu.openrasp.hook.server.tongweb7.Tongweb7OutputBufferHook
2025-11-07 07:20:45,573 INFO  [main][com.baidu.openrasp.transformer.CustomClassTransformer] ignore hook type http_output, class com.baidu.openrasp.hook.server.jetty.JettyHttpOutputHook
2025-11-07 07:20:45,574 INFO  [main][com.baidu.openrasp.transformer.CustomClassTransformer] ignore hook type http_output, class com.baidu.openrasp.hook.server.wildfly.UndertowOutputHook
2025-11-07 07:20:45,575 INFO  [main][com.baidu.openrasp.transformer.CustomClassTransformer] ignore hook type http_output, class com.baidu.openrasp.hook.server.weblogic.WeblogicHttpOutputHook
2025-11-07 07:20:45,578 INFO  [main][com.baidu.openrasp.transformer.CustomClassTransformer] ignore hook type http_output, class com.baidu.openrasp.hook.server.tongweb.TongwebHttpResponseHook
2025-11-07 07:20:45,579 INFO  [main][com.baidu.openrasp.transformer.CustomClassTransformer] ignore hook type http_output, class com.baidu.openrasp.hook.server.catalina.CatalinaOutputBufferHook
2025-11-07 07:20:46,101 INFO  [main][com.baidu.openrasp.hook.AbstractClassHook] insert before method java.net.InetAddress.getAllByName(java.lang.String)
2025-11-07 07:20:46,318 INFO  [main][com.baidu.openrasp.hook.AbstractClassHook] insert before method java.lang.ProcessImpl(byte[],byte[],int,byte[],int,byte[],int[],boolean,boolean)
2025-11-07 07:20:46,435 INFO  [main][com.baidu.openrasp.hook.AbstractClassHook] insert before method java.io.RandomAccessFile(java.io.File,java.lang.String)
2025-11-07 07:20:46,487 INFO  [main][com.baidu.openrasp.hook.AbstractClassHook] insert before method java.io.RandomAccessFile(java.io.File,java.lang.String)
2025-11-07 07:20:46,561 INFO  [main][com.baidu.openrasp.hook.AbstractClassHook] insert before method java.nio.file.Files.delete(java.nio.file.Path)
2025-11-07 07:20:46,573 INFO  [main][com.baidu.openrasp.hook.AbstractClassHook] insert before method java.nio.file.Files.deleteIfExists(java.nio.file.Path)
2025-11-07 07:20:46,610 INFO  [main][com.baidu.openrasp.hook.AbstractClassHook] insert before method java.nio.file.Files.createFile(java.nio.file.Path,java.nio.file.attribute.FileAttribute[])
2025-11-07 07:20:46,627 INFO  [main][com.baidu.openrasp.hook.AbstractClassHook] insert before method java.nio.file.Files.newOutputStream(java.nio.file.Path,java.nio.file.OpenOption[])
2025-11-07 07:20:46,669 INFO  [main][com.baidu.openrasp.hook.AbstractClassHook] insert before method java.nio.file.Files.readAllBytes(java.nio.file.Path)
2025-11-07 07:20:46,679 INFO  [main][com.baidu.openrasp.hook.AbstractClassHook] insert before method java.nio.file.Files.newInputStream(java.nio.file.Path,java.nio.file.OpenOption[])
2025-11-07 07:20:46,716 INFO  [main][com.baidu.openrasp.hook.AbstractClassHook] insert before method java.nio.file.Files.newDirectoryStream(java.nio.file.Path)
2025-11-07 07:20:46,750 INFO  [main][com.baidu.openrasp.hook.AbstractClassHook] insert before method java.nio.file.Files.copy(java.nio.file.Path,java.nio.file.Path,java.nio.file.CopyOption[])
2025-11-07 07:20:46,763 INFO  [main][com.baidu.openrasp.hook.AbstractClassHook] insert before method java.nio.file.Files.move(java.nio.file.Path,java.nio.file.Path,java.nio.file.CopyOption[])
2025-11-07 07:20:46,776 INFO  [main][com.baidu.openrasp.hook.AbstractClassHook] insert before method java.nio.file.Files.createLink(java.nio.file.Path,java.nio.file.Path)
2025-11-07 07:20:46,839 INFO  [main][com.baidu.openrasp.hook.AbstractClassHook] insert before method java.io.File.renameTo(java.io.File)
2025-11-07 07:20:46,873 INFO  [main][com.baidu.openrasp.hook.AbstractClassHook] insert before method java.io.File.delete()
2025-11-07 07:20:46,912 INFO  [main][com.baidu.openrasp.hook.AbstractClassHook] insert before method java.io.File.list()
2025-11-07 07:20:46,972 INFO  [main][com.baidu.openrasp.hook.AbstractClassHook] insert before method java.io.FileOutputStream(java.io.File,boolean)
2025-11-07 07:20:47,042 INFO  [main][com.baidu.openrasp.hook.AbstractClassHook] insert before method java.io.FileInputStream(java.io.File)
2025-11-07 07:20:47,118 INFO  [main][com.baidu.openrasp.EngineBoot] [OpenRASP] Engine Initialized [1.3.7 (build: GitCommit=97839b3 date=2023-03-31T08:56:34Z)]
2025-11-07 07:21:12,401 INFO  [main][com.baidu.openrasp.hook.AbstractClassHook] insert before method java.io.ObjectInputStream.resolveClass(java.io.ObjectStreamClass)
2025-11-07 07:21:14,169 INFO  [main][com.baidu.openrasp.HookHandler] detect server: tomcat/10.1.31.0
2025-11-07 07:21:14,193 INFO  [main][com.baidu.openrasp.HookHandler] detect server class: org/apache/catalina/Server
2025-11-07 07:21:14,651 INFO  [OpenRASP Register Thread][com.baidu.openrasp.hook.AbstractClassHook] insert after method: sun.net.www.protocol.http.HttpURLConnection.followRedirect()
2025-11-07 07:21:14,706 INFO  [OpenRASP Register Thread][com.baidu.openrasp.hook.AbstractClassHook] insert before method sun.net.www.protocol.http.HttpURLConnection.getInputStream()
2025-11-07 07:21:14,735 INFO  [OpenRASP Register Thread][com.baidu.openrasp.hook.AbstractClassHook] insert after method: sun.net.www.protocol.http.HttpURLConnection.getInputStream()
2025-11-07 07:21:14,878 INFO  [main][com.baidu.openrasp.hook.AbstractClassHook] insert before method org.apache.coyote.Response.doWrite(java.nio.ByteBuffer)
2025-11-07 07:21:14,934 INFO  [OpenRASP Register Thread][com.baidu.openrasp.cloud.log] [OpenRASP] RASP agent successfully registered, registration details are as follows: 
{"rasp_home":"/home/enen/projects/bailianyingyong/chatbotAi/rasp","hostname":"enen","os":"Linux","language":"java","id":"c31d72c38cdff7a634259d4bf9da5a60","language_version":"17.0.16","register_ip":"192.168.203.141","server_version":"10.1.31.0","version":"1.3.7","heartbeat_interval":90,"server_type":"tomcat","environ":{"PATH":"/home/enen/.npm-global/bin:/usr/local/sbin:/usr/local/bin:/usr/sbin:/usr/bin:/sbin:/bin:/usr/games:/usr/local/games:/snap/bin:/usr/lib/go/bin:/home/enen/go","LESSCLOSE":"/usr/bin/lesspipe %s %s","XDG_DATA_DIRS":"/usr/local/share:/usr/share:/var/lib/snapd/desktop","TERM":"xterm","DBUS_SESSION_BUS_ADDRESS":"unix:path\u003d/run/user/1000/bus","LANG":"en_US.UTF-8","XDG_SESSION_ID":"338","XDG_SESSION_TYPE":"tty","GOPROXY":"https://goproxy.cn,direct","DISPLAY":"localhost:13.0","LOGNAME":"enen","PWD":"/home/enen/projects/bailianyingyong/chatbotAi","_":"/usr/bin/nohup","XDG_SESSION_CLASS":"user","LESSOPEN":"| /usr/bin/lesspipe %s","SHELL":"/bin/bash","SSH_TTY":"/dev/pts/6","SSH_CLIENT":"192.168.203.1 54540 22","GOPATH":"/home/enen/go","OLDPWD":"/home/enen/projects/bailianyingyong/chatbotAi/src","USER":"enen","GOROOT":"/usr/lib/go","GO111MODULE":"on","SSH_CONNECTION":"192.168.203.1 54540 192.168.203.141 22","XDG_RUNTIME_DIR":"/run/user/1000","LS_COLORS":"rs\u003d0:di\u003d01;34:ln\u003d01;36:mh\u003d00:pi\u003d40;33:so\u003d01;35:do\u003d01;35:bd\u003d40;33;01:cd\u003d40;33;01:or\u003d40;31;01:mi\u003d00:su\u003d37;41:sg\u003d30;43:ca\u003d00:tw\u003d30;42:ow\u003d34;42:st\u003d37;44:ex\u003d01;32:*.tar\u003d01;31:*.tgz\u003d01;31:*.arc\u003d01;31:*.arj\u003d01;31:*.taz\u003d01;31:*.lha\u003d01;31:*.lz4\u003d01;31:*.lzh\u003d01;31:*.lzma\u003d01;31:*.tlz\u003d01;31:*.txz\u003d01;31:*.tzo\u003d01;31:*.t7z\u003d01;31:*.zip\u003d01;31:*.z\u003d01;31:*.dz\u003d01;31:*.gz\u003d01;31:*.lrz\u003d01;31:*.lz\u003d01;31:*.lzo\u003d01;31:*.xz\u003d01;31:*.zst\u003d01;31:*.tzst\u003d01;31:*.bz2\u003d01;31:*.bz\u003d01;31:*.tbz\u003d01;31:*.tbz2\u003d01;31:*.tz\u003d01;31:*.deb\u003d01;31:*.rpm\u003d01;31:*.jar\u003d01;31:*.war\u003d01;31:*.ear\u003d01;31:*.sar\u003d01;31:*.rar\u003d01;31:*.alz\u003d01;31:*.ace\u003d01;31:*.zoo\u003d01;31:*.cpio\u003d01;31:*.7z\u003d01;31:*.rz\u003d01;31:*.cab\u003d01;31:*.wim\u003d01;31:*.swm\u003d01;31:*.dwm\u003d01;31:*.esd\u003d01;31:*.avif\u003d01;35:*.jpg\u003d01;35:*.jpeg\u003d01;35:*.mjpg\u003d01;35:*.mjpeg\u003d01;35:*.gif\u003d01;35:*.bmp\u003d01;35:*.pbm\u003d01;35:*.pgm\u003d01;35:*.ppm\u003d01;35:*.tga\u003d01;35:*.xbm\u003d01;35:*.xpm\u003d01;35:*.tif\u003d01;35:*.tiff\u003d01;35:*.png\u003d01;35:*.svg\u003d01;35:*.svgz\u003d01;35:*.mng\u003d01;35:*.pcx\u003d01;35:*.mov\u003d01;35:*.mpg\u003d01;35:*.mpeg\u003d01;35:*.m2v\u003d01;35:*.mkv\u003d01;35:*.webm\u003d01;35:*.webp\u003d01;35:*.ogm\u003d01;35:*.mp4\u003d01;35:*.m4v\u003d01;35:*.mp4v\u003d01;35:*.vob\u003d01;35:*.qt\u003d01;35:*.nuv\u003d01;35:*.wmv\u003d01;35:*.asf\u003d01;35:*.rm\u003d01;35:*.rmvb\u003d01;35:*.flc\u003d01;35:*.avi\u003d01;35:*.fli\u003d01;35:*.flv\u003d01;35:*.gl\u003d01;35:*.dl\u003d01;35:*.xcf\u003d01;35:*.xwd\u003d01;35:*.yuv\u003d01;35:*.cgm\u003d01;35:*.emf\u003d01;35:*.ogv\u003d01;35:*.ogx\u003d01;35:*.aac\u003d00;36:*.au\u003d00;36:*.flac\u003d00;36:*.m4a\u003d00;36:*.mid\u003d00;36:*.midi\u003d00;36:*.mka\u003d00;36:*.mp3\u003d00;36:*.mpc\u003d00;36:*.ogg\u003d00;36:*.ra\u003d00;36:*.wav\u003d00;36:*.oga\u003d00;36:*.opus\u003d00;36:*.spx\u003d00;36:*.xspf\u003d00;36:*~\u003d00;90:*#\u003d00;90:*.bak\u003d00;90:*.crdownload\u003d00;90:*.dpkg-dist\u003d00;90:*.dpkg-new\u003d00;90:*.dpkg-old\u003d00;90:*.dpkg-tmp\u003d00;90:*.old\u003d00;90:*.orig\u003d00;90:*.part\u003d00;90:*.rej\u003d00;90:*.rpmnew\u003d00;90:*.rpmorig\u003d00;90:*.rpmsave\u003d00;90:*.swp\u003d00;90:*.tmp\u003d00;90:*.ucf-dist\u003d00;90:*.ucf-new\u003d00;90:*.ucf-old\u003d00;90:","SHLVL":"0","HOME":"/home/enen"}}
2025-11-07 07:21:15,605 INFO  [OpenRASP Heartbeat Thread][com.baidu.openrasp.config.Config] plugin.maxstack: 100
2025-11-07 07:21:15,609 INFO  [OpenRASP Heartbeat Thread][com.baidu.openrasp.config.Config] block.redirect_url: https://rasp.baidu.com/blocked/?request_id=%request_id%
2025-11-07 07:21:15,613 INFO  [OpenRASP Heartbeat Thread][com.baidu.openrasp.config.Config] dependency_check.interval: 43200
2025-11-07 07:21:15,617 INFO  [OpenRASP Heartbeat Thread][com.baidu.openrasp.config.Config] hook.white: {}
2025-11-07 07:21:15,620 INFO  [OpenRASP Heartbeat Thread][com.baidu.openrasp.config.Config] plugin.filter: true
2025-11-07 07:21:15,620 INFO  [OpenRASP Heartbeat Thread][com.baidu.openrasp.config.Config] debug.level: 0
2025-11-07 07:21:15,621 INFO  [OpenRASP Heartbeat Thread][com.baidu.openrasp.config.Config] block.content_json: {"error":true,"reason": "Request blocked by OpenRASP","request_id": "%request_id%"}
2025-11-07 07:21:15,621 INFO  [OpenRASP Heartbeat Thread][com.baidu.openrasp.config.Config] decompile.enable: false
2025-11-07 07:21:15,623 INFO  [OpenRASP Heartbeat Thread][com.baidu.openrasp.config.Config] response.sampler_burst: 5
2025-11-07 07:21:15,625 INFO  [OpenRASP Heartbeat Thread][com.baidu.openrasp.config.Config] syslog.facility: 1
2025-11-07 07:21:15,626 INFO  [OpenRASP Heartbeat Thread][com.baidu.openrasp.config.Config] syslog.tag: OpenRASP
2025-11-07 07:21:15,626 INFO  [OpenRASP Heartbeat Thread][com.baidu.openrasp.config.Config] block.content_xml: <?xml version="1.0"?><doc><error>true</error><reason>Request blocked by OpenRASP</reason><request_id>%request_id%</request_id></doc>
2025-11-07 07:21:15,626 INFO  [OpenRASP Heartbeat Thread][com.baidu.openrasp.config.Config] lru.compare_enable: false
2025-11-07 07:21:15,630 INFO  [OpenRASP Heartbeat Thread][com.baidu.openrasp.config.Config] security.weak_passwords: [111111, 123, 123123, 123456, 123456a, a123456, admin, both, manager, mysql, root, rootweblogic, tomcat, user, weblogic1, weblogic123, welcome1]
2025-11-07 07:21:15,637 INFO  [OpenRASP Heartbeat Thread][com.baidu.openrasp.config.Config] syslog.url: 
2025-11-07 07:21:15,638 INFO  [OpenRASP Heartbeat Thread][com.baidu.openrasp.config.Config] body.maxbytes: 12288
2025-11-07 07:21:15,642 INFO  [OpenRASP Heartbeat Thread][com.baidu.openrasp.config.Config] cpu.usage.enable: false
2025-11-07 07:21:15,644 INFO  [OpenRASP Heartbeat Thread][com.baidu.openrasp.config.Config] ognl.expression.minlength: 30
2025-11-07 07:21:15,649 INFO  [OpenRASP Heartbeat Thread][com.baidu.openrasp.config.Config] log.maxburst: 100
2025-11-07 07:21:15,650 INFO  [OpenRASP Heartbeat Thread][com.baidu.openrasp.config.Config] log.maxbackup: 30
2025-11-07 07:21:15,653 INFO  [OpenRASP Heartbeat Thread][com.baidu.openrasp.config.Config] block.content_html: </script><script>location.href="https://rasp.baidu.com/blocked2/?request_id=%request_id%"</script>
2025-11-07 07:21:15,663 WARN  [OpenRASP Heartbeat Thread][com.baidu.openrasp.messaging.LogTool] [E20004] Unknown config key [fileleak_scan.interval] found in cloud configuration: 
2025-11-07 07:21:15,718 INFO  [OpenRASP Heartbeat Thread][com.baidu.openrasp.config.Config] cpu.usage.interval: 5
2025-11-07 07:21:15,719 INFO  [OpenRASP Heartbeat Thread][com.baidu.openrasp.config.Config] lru.compare_limit: 10240
2025-11-07 07:21:15,725 INFO  [OpenRASP Heartbeat Thread][com.baidu.openrasp.config.Config] lru.max_size: 1000
2025-11-07 07:21:15,741 INFO  [OpenRASP Heartbeat Thread][com.baidu.openrasp.config.Config] inject.custom_headers: {X-Protected-By=OpenRASP}
2025-11-07 07:21:15,748 INFO  [OpenRASP Heartbeat Thread][com.baidu.openrasp.config.Config] plugin.timeout.millis: 100
2025-11-07 07:21:15,758 WARN  [OpenRASP Heartbeat Thread][com.baidu.openrasp.messaging.LogTool] [E20004] Unknown config key [fileleak_scan.name] found in cloud configuration: 
2025-11-07 07:21:15,775 WARN  [OpenRASP Heartbeat Thread][com.baidu.openrasp.messaging.LogTool] [E20004] Unknown config key [log.maxstack] found in cloud configuration: 
2025-11-07 07:21:15,805 WARN  [OpenRASP Heartbeat Thread][com.baidu.openrasp.messaging.LogTool] [E20004] Unknown config key [fileleak_scan.limit] found in cloud configuration: 
2025-11-07 07:21:15,863 WARN  [OpenRASP Heartbeat Thread][com.baidu.openrasp.messaging.LogTool] [E20004] Unknown config key [offline_hosts.cleanup.interval] found in cloud configuration: 
2025-11-07 07:21:15,881 INFO  [OpenRASP Heartbeat Thread][com.baidu.openrasp.config.Config] request.param_encoding: 
2025-11-07 07:21:15,889 INFO  [OpenRASP Heartbeat Thread][com.baidu.openrasp.config.Config] cpu.usage.percent: 90
2025-11-07 07:21:15,890 INFO  [OpenRASP Heartbeat Thread][com.baidu.openrasp.config.Config] block.status_code: 302
2025-11-07 07:21:15,905 INFO  [OpenRASP Heartbeat Thread][com.baidu.openrasp.config.Config] clientip.header: ClientIP
2025-11-07 07:21:15,911 INFO  [OpenRASP Heartbeat Thread][com.baidu.openrasp.config.Config] response.sampler_interval: 60
2025-11-07 07:21:15,929 INFO  [OpenRASP Heartbeat Thread][com.baidu.openrasp.config.Config] syslog.enable: false
2025-11-07 07:21:16,189 INFO  [main][com.baidu.openrasp.hook.AbstractClassHook] insert before method org.apache.catalina.connector.CoyoteAdapter.service(org.apache.coyote.Request,org.apache.coyote.Response)
2025-11-07 07:21:16,205 WARN  [OpenRASP Heartbeat Thread][com.baidu.openrasp.config.Config] the value of sql_exception.mysql.error_code is null
2025-11-07 07:21:16,206 WARN  [OpenRASP Heartbeat Thread][com.baidu.openrasp.config.Config] the value of sql_exception.sqlite.error_code is null
2025-11-07 07:21:16,210 WARN  [OpenRASP Heartbeat Thread][com.baidu.openrasp.config.Config] the value of sql_exception.oracle.error_code is null
2025-11-07 07:21:16,211 WARN  [OpenRASP Heartbeat Thread][com.baidu.openrasp.config.Config] the value of sql_exception.db2.error_code is null
2025-11-07 07:21:16,214 INFO  [OpenRASP Heartbeat Thread][com.baidu.openrasp.config.Config] sql error codes: {oracle=[1756, 907, 19202, 20000, 1740, 29257, 920, 933, 911, 904], sqlite=[1], hsql=[-5590, -5584, -5583], mysql=[1105, 1367, 1064, 1062, 1060]}
2025-11-07 07:21:16,218 INFO  [OpenRASP Heartbeat Thread][com.baidu.openrasp.config.Config] sql error states: {db2=[42603], hsql=[42583, 42584, 42590]}
2025-11-07 07:21:16,221 WARN  [OpenRASP Heartbeat Thread][com.baidu.openrasp.config.Config] failed to get the log_regex.regex element from algorithm config
2025-11-07 07:21:16,228 INFO  [OpenRASP Heartbeat Thread][com.baidu.openrasp.config.Config] log_regex.regex: {}
2025-11-07 07:21:16,230 INFO  [OpenRASP Heartbeat Thread][com.baidu.openrasp.config.Config] algorithm.config: {"command_common":{"action":"log","name":"算法3 - 识别常用渗透命令（探针）","pattern":"cat.{1,5}/etc/passwd|nc.{1,30}-e.{1,100}/bin/(?:ba)?sh|bash\\s-.{0,4}i.{1,20}/dev/tcp/|subprocess.call\\(.{0,6}/bin/(?:ba)?sh|fsockopen\\(.{1,50}/bin/(?:ba)?sh|perl.{1,80}socket.{1,120}open.{1,80}exec\\(.{1,5}/bin/(?:ba)?sh"},"command_dnslog":{"action":"log","name":"算法6 - dnslog类命令","pattern_cmd":"(^|\\W)(curl|ping|wget|nslookup|dig)\\W","pattern_domain":"\\.((ceye|exeye|sslip|nip)\\.io|dnslog\\.cn|(vcap|bxss)\\.me|xip\\.(name|io)|burpcollaborator\\.net|tu4\\.org|2xss\\.cc|request\\.bin|requestbin\\.net|pipedream\\.net)"},"command_error":{"action":"log","alarm_token":["",""],"alarm_token_enable":true,"concat_char":["|",";"],"name":"算法4 - 查找语法错误和敏感操作","sensitive_cmd":["curl","bash","cat","sh"],"sensitive_cmd_enable":true,"unbalanced_quote_enable":true},"command_other":{"action":"ignore","name":"算法5 - 记录或者拦截所有命令执行操作"},"command_reflect":{"action":"block","name":"算法1 - 通过反射执行命令，比如反序列化、加密后门"},"command_userinput":{"action":"block","java_unexploitable_filter":true,"min_length":2,"name":"算法2 - 用户输入匹配算法，包括命令注入检测"},"deleteFile_userinput":{"action":"block","lcs_search":false,"name":"算法1 - 用户输入匹配，禁止使用 ../ 删除文件"},"deserialization_blacklist":{"action":"block","clazz":["org.apache.commons.collections.functors.ChainedTransformer","org.apache.commons.collections.functors.InvokerTransformer","org.apache.commons.collections.functors.InstantiateTransformer","org.apache.commons.collections4.functors.InvokerTransformer","org.apache.commons.collections4.functors.InstantiateTransformer","org.codehaus.groovy.runtime.ConvertedClosure","org.codehaus.groovy.runtime.MethodClosure","org.springframework.beans.factory.ObjectFactory","org.apache.xalan.xsltc.trax.TemplatesImpl","com.sun.org.apache.xalan.internal.xsltc.trax.TemplatesImpl","com.mchange.v2.c3p0.impl.PoolBackedDataSourceBase"],"name":"算法1 - 反序列化黑名单过滤"},"directory_reflect":{"action":"block","name":"算法2 - 通过反射调用，查看目录内容"},"directory_unwanted":{"action":"log","name":"算法3 - 尝试查看敏感目录"},"directory_userinput":{"action":"block","lcs_search":false,"name":"算法1 - 用户输入匹配算法"},"dns_blacklist":{"action":"block","name":"算法1 - 拦截DNS黑名单查询(比如DNSLog)"},"eval_regex":{"action":"ignore","name":"算法1 - 正则表达式","regex":"base64_decode|gzuncompress|create_function"},"fileUpload_multipart_exe":{"action":"ignore","name":"算法3 - Multipart 方式上传 DLL/EXE 等文件"},"fileUpload_multipart_html":{"action":"ignore","name":"算法3 - Multipart 方式上传 HTML/JS 等文件"},"fileUpload_multipart_script":{"action":"block","name":"算法2 - Multipart 方式上传 PHP/JSP 等脚本文件"},"fileUpload_webdav":{"action":"block","name":"算法1 - MOVE 方式上传脚本文件"},"include_protocol":{"action":"block","name":"算法2 - 尝试包含 jar:// 等异常协议","protocols":["file","gopher","jar","netdoc","http","https","dict","php","compress.zlib","compress.bzip2","zip","rar"]},"include_userinput":{"action":"block","lcs_search":false,"name":"算法1 - 用户输入匹配算法"},"jndi_disable_all":{"action":"block","name":"算法1 - 拦截所有JNDI调用"},"link_webshell":{"action":"block","name":"算法1 - 通过链接方式获取 WebShell"},"loadLibrary_unc":{"action":"block","name":"算法1 - 拦截 UNC 路径类库加载"},"meta":{"all_log":false,"is_dev":false,"log_event":false,"schema_version":1},"ognl_blacklist":{"action":"block","expression":["ognl.OgnlContext","ognl.TypeConverter","ognl.MemberAccess","_memberAccess","ognl.ClassResolver","java.lang.Runtime","java.lang.Class","java.lang.ClassLoader","java.lang.System","java.lang.ProcessBuilder","java.lang.Object","java.lang.Shutdown","java.io.File","javax.script.ScriptEngineManager","com.opensymphony.xwork2.ActionContext"],"name":"算法1 - OGNL语句黑名单"},"readFile_outsideWebroot":{"action":"ignore","name":"算法4 - 禁止使用 ../../ 访问web目录以外的文件","reference":"https://rasp.baidu.com/doc/dev/official.html#case-out-webroot"},"readFile_unwanted":{"action":"log","name":"算法5 - 文件探针算法"},"readFile_userinput":{"action":"block","lcs_search":false,"name":"算法1 - 用户输入匹配算法"},"readFile_userinput_http":{"action":"block","name":"算法2 - 用户输入匹配算法 + http 协议"},"readFile_userinput_unwanted":{"action":"block","name":"算法3 - 拦截 php:// 等异常协议"},"rename_webshell":{"action":"block","name":"算法1 - 通过重命名方式获取 WebShell"},"response_dataLeak":{"action":"ignore","content_type":"html|json|xml","kind":{"bank_card":true,"identity_card":true,"phone":true},"name":"算法1 - 检查响应里是否有敏感信息"},"sql_exception":{"action":"log","db2":{"error_state":["42603"]},"hsql":{"error_code":[-5583,-5584,-5590],"error_state":["42583","42584","42590"]},"mssql":{"error_code":[105,245]},"mysql":{"error_code":[1060,1062,1064,1105,1367]},"name":"算法3 - 记录数据库异常","oracle":{"error_code":[933,29257,20000,904,19202,1756,1740,920,907,911]},"pgsql":{"error_code":["42601","22P02"],"error_state":["42601","22P02"]},"reference":"https://rasp.baidu.com/doc/dev/official.html#sql-exception","sqlite":{"error_code":[1]}},"sql_policy":{"action":"block","feature":{"function_blacklist":true,"function_count":false,"information_schema":false,"into_outfile":true,"no_hex":false,"stacked_query":false,"union_null":true,"version_comment":true},"function_blacklist":{"ascii":false,"benchmark":true,"bin":false,"extractvalue":true,"hex":false,"is_srvrolemember":true,"load_file":true,"mid":false,"ord":false,"pg_sleep":true,"sleep":true,"updatexml":true},"function_count":{"char":5,"chr":5},"name":"算法2 - 拦截异常SQL语句","pre_filter":";|\\/\\*|(?:\\d{1,2}\\s*,\\s*){2}|(?:null\\s*,\\s*){2}|0x[\\da-f]{8}|\\W(information_schema|outfile|dumpfile|load_file|benchmark|pg_sleep|sleep|is_srvrolemember|updatexml|extractvalue|hex|char|chr|mid|ord|ascii|bin)\\W"},"sql_regex":{"action":"ignore","name":"算法4 - 正则表达式算法","regex":"information_schema"},"sql_userinput":{"action":"block","allow_full":true,"anti_detect_enable":true,"anti_detect_filter":"add|all|alter|analyze|and|any|as|asc|avg|begin|between|by|case|create|count|delete|desc|do|dumpfile|else|elseif|end|exists|false|file|float|flush|follows|from|group|having|identified|if|in|insert|interval|into|join|last|like|limit|loop|not|null|on|or|order|procedure|regexp|return|rlike|select|then|true|union|update|values|xor","lcs_search":false,"min_length":8,"name":"算法1 - 用户输入匹配算法","pre_enable":false,"pre_filter":"select|file|from|;"},"ssrf_aws":{"action":"block","name":"算法2 - 拦截 AWS/Aliyun/GCP metadata 访问"},"ssrf_common":{"action":"block","name":"算法3 - 拦截常见 dnslog 地址"},"ssrf_obfuscate":{"action":"ignore","name":"算法4 - 拦截混淆地址"},"ssrf_protocol":{"action":"block","name":"算法5 - 拦截 php:// 等异常协议","protocols":["file","gopher","local_file","local-file","jar","netdoc","dict","php","phar","compress.zlib","compress.bzip2"]},"ssrf_userinput":{"action":"block","name":"算法1 - 用户输入匹配算法（支持 rebind 检测）"},"webshell_callable":{"action":"block","functions":["system","exec","passthru","proc_open","shell_exec","popen","pcntl_exec","assert"],"name":"算法4 - 拦截简单的PHP array_map/walk/filter 后门"},"webshell_command":{"action":"block","name":"算法2 - 拦截简单的PHP命令执行后门"},"webshell_eval":{"action":"block","name":"算法1 - 拦截简单的PHP中国菜刀后门"},"webshell_file_put_contents":{"action":"block","name":"算法3 - 拦截简单的PHP文件上传后门"},"webshell_ld_preload":{"action":"block","env":["LD_PRELOAD","LD_AUDIT","GCONV_PATH"],"name":"算法5 - 拦截PHP putenv 相关后门"},"writeFile_NTFS":{"action":"block","name":"算法1 - 拦截 NTFS :: 写入操作"},"writeFile_reflect":{"action":"log","name":"算法3 - 拦截通过反射、反序列化执行的文件写入操作"},"writeFile_script":{"action":"block","lcs_search":false,"name":"算法2 - 拦截 php/jsp 等脚本文件的写入操作","reference":"https://rasp.baidu.com/doc/dev/official.html#case-file-write","userinput":true},"xss_echo":{"action":"log","filter_regex":"<![\\-\\[A-Za-z]|<([A-Za-z]{1,12})[\\/>\\x00-\\x20]","name":"算法1 - PHP: 禁止直接输出GPC参数"},"xss_userinput":{"action":"block","filter_regex":"<![\\-\\[A-Za-z]|<([A-Za-z]{1,12})[\\/>\\x00-\\x20]","max_detection_num":10,"min_length":15,"name":"算法2 - 拦截输出在响应里的反射XSS"},"xxe_disable_entity":{"action":"ignore","clazz":{"java_dom":true,"java_dom4j":true,"java_jdom":true,"java_sax":true,"java_stax":true},"name":"算法1 - 禁止外部实体加载（记录日志等同于完全忽略）"},"xxe_file":{"action":"log","name":"算法3 - 使用 file:// 协议读取文件","reference":"https://rasp.baidu.com/doc/dev/official.html#case-xxe"},"xxe_protocol":{"action":"block","name":"算法2 - 使用 ftp:// 等异常协议加载外部实体","protocols":["ftp","dict","gopher","netdoc","mailto"]}}
2025-11-07 07:21:17,292 INFO  [main][com.baidu.openrasp.hook.AbstractClassHook] insert before method com.mysql.cj.jdbc.NonRegisteringDriver.connect(java.lang.String,java.util.Properties)
2025-11-07 07:21:17,317 INFO  [main][com.baidu.openrasp.hook.AbstractClassHook] insert after method: com.mysql.cj.jdbc.NonRegisteringDriver.connect(java.lang.String,java.util.Properties)
2025-11-07 07:21:17,337 INFO  [main][com.baidu.openrasp.hook.AbstractClassHook] insert after method: com.mysql.cj.jdbc.NonRegisteringDriver.connect(java.lang.String,java.util.Properties)
2025-11-07 07:21:23,347 INFO  [main][com.baidu.openrasp.hook.AbstractClassHook] insert before method com.mysql.cj.jdbc.ConnectionImpl.prepareStatement(java.lang.String,int,int)
2025-11-07 07:21:23,373 INFO  [main][com.baidu.openrasp.HookHandler] add catch to method: com.mysql.cj.jdbc.ConnectionImpl.prepareStatement(java.lang.String,int,int)
2025-11-07 07:21:23,387 INFO  [main][com.baidu.openrasp.hook.AbstractClassHook] insert before method com.mysql.cj.jdbc.ConnectionImpl.prepareCall(java.lang.String,int,int)
2025-11-07 07:21:23,395 INFO  [main][com.baidu.openrasp.HookHandler] add catch to method: com.mysql.cj.jdbc.ConnectionImpl.prepareCall(java.lang.String,int,int)
2025-11-07 07:21:23,588 INFO  [main][com.baidu.openrasp.hook.AbstractClassHook] insert before method com.mysql.cj.jdbc.StatementImpl.execute(java.lang.String)
2025-11-07 07:21:23,595 INFO  [main][com.baidu.openrasp.hook.AbstractClassHook] insert before method com.mysql.cj.jdbc.StatementImpl.execute(java.lang.String,int)
2025-11-07 07:21:23,600 INFO  [main][com.baidu.openrasp.hook.AbstractClassHook] insert before method com.mysql.cj.jdbc.StatementImpl.execute(java.lang.String,int[])
2025-11-07 07:21:23,605 INFO  [main][com.baidu.openrasp.hook.AbstractClassHook] insert before method com.mysql.cj.jdbc.StatementImpl.execute(java.lang.String,java.lang.String[])
2025-11-07 07:21:23,610 INFO  [main][com.baidu.openrasp.hook.AbstractClassHook] insert before method com.mysql.cj.jdbc.StatementImpl.executeUpdate(java.lang.String)
2025-11-07 07:21:23,615 INFO  [main][com.baidu.openrasp.hook.AbstractClassHook] insert before method com.mysql.cj.jdbc.StatementImpl.executeUpdate(java.lang.String,int)
2025-11-07 07:21:23,619 INFO  [main][com.baidu.openrasp.hook.AbstractClassHook] insert before method com.mysql.cj.jdbc.StatementImpl.executeUpdate(java.lang.String,int[])
2025-11-07 07:21:23,624 INFO  [main][com.baidu.openrasp.hook.AbstractClassHook] insert before method com.mysql.cj.jdbc.StatementImpl.executeUpdate(java.lang.String,java.lang.String[])
2025-11-07 07:21:23,649 INFO  [main][com.baidu.openrasp.hook.AbstractClassHook] insert before method com.mysql.cj.jdbc.StatementImpl.executeQuery(java.lang.String)
2025-11-07 07:21:23,655 INFO  [main][com.baidu.openrasp.hook.AbstractClassHook] insert before method com.mysql.cj.jdbc.StatementImpl.addBatch(java.lang.String)
2025-11-07 07:21:23,662 INFO  [main][com.baidu.openrasp.HookHandler] add catch to method: com.mysql.cj.jdbc.StatementImpl.execute(java.lang.String)
2025-11-07 07:21:23,668 INFO  [main][com.baidu.openrasp.HookHandler] add catch to method: com.mysql.cj.jdbc.StatementImpl.execute(java.lang.String,int)
2025-11-07 07:21:23,674 INFO  [main][com.baidu.openrasp.HookHandler] add catch to method: com.mysql.cj.jdbc.StatementImpl.execute(java.lang.String,int[])
2025-11-07 07:21:23,684 INFO  [main][com.baidu.openrasp.HookHandler] add catch to method: com.mysql.cj.jdbc.StatementImpl.execute(java.lang.String,java.lang.String[])
2025-11-07 07:21:23,687 INFO  [main][com.baidu.openrasp.HookHandler] add catch to method: com.mysql.cj.jdbc.StatementImpl.executeUpdate(java.lang.String)
2025-11-07 07:21:23,697 INFO  [main][com.baidu.openrasp.HookHandler] add catch to method: com.mysql.cj.jdbc.StatementImpl.executeUpdate(java.lang.String,int)
2025-11-07 07:21:23,704 INFO  [main][com.baidu.openrasp.HookHandler] add catch to method: com.mysql.cj.jdbc.StatementImpl.executeUpdate(java.lang.String,int[])
2025-11-07 07:21:23,706 INFO  [main][com.baidu.openrasp.HookHandler] add catch to method: com.mysql.cj.jdbc.StatementImpl.executeUpdate(java.lang.String,java.lang.String[])
2025-11-07 07:21:23,729 INFO  [main][com.baidu.openrasp.HookHandler] add catch to method: com.mysql.cj.jdbc.StatementImpl.executeQuery(java.lang.String)
2025-11-07 07:21:23,738 INFO  [main][com.baidu.openrasp.HookHandler] add catch to method: com.mysql.cj.jdbc.StatementImpl.addBatch(java.lang.String)
2025-11-07 07:21:45,643 INFO  [main][com.baidu.openrasp.hook.AbstractClassHook] insert before method com.sun.xml.internal.stream.XMLInputFactoryImpl.createXMLStreamReader(java.io.InputStream)
2025-11-07 07:21:45,656 INFO  [main][com.baidu.openrasp.hook.AbstractClassHook] insert before method com.sun.xml.internal.stream.XMLInputFactoryImpl.createXMLStreamReader(java.io.Reader)
2025-11-07 07:21:45,665 INFO  [main][com.baidu.openrasp.hook.AbstractClassHook] insert before method com.sun.xml.internal.stream.XMLInputFactoryImpl.createXMLStreamReader(java.lang.String,java.io.Reader)
2025-11-07 07:21:45,673 INFO  [main][com.baidu.openrasp.hook.AbstractClassHook] insert before method com.sun.xml.internal.stream.XMLInputFactoryImpl.createXMLStreamReader(javax.xml.transform.Source)
2025-11-07 07:21:45,680 INFO  [main][com.baidu.openrasp.hook.AbstractClassHook] insert before method com.sun.xml.internal.stream.XMLInputFactoryImpl.createXMLStreamReader(java.lang.String,java.io.InputStream)
2025-11-07 07:21:45,687 INFO  [main][com.baidu.openrasp.hook.AbstractClassHook] insert before method com.sun.xml.internal.stream.XMLInputFactoryImpl.createXMLStreamReader(java.io.InputStream,java.lang.String)
2025-11-07 07:21:45,695 INFO  [main][com.baidu.openrasp.hook.AbstractClassHook] insert before method com.sun.xml.internal.stream.XMLInputFactoryImpl.createXMLEventReader(java.io.InputStream)
2025-11-07 07:21:45,700 INFO  [main][com.baidu.openrasp.hook.AbstractClassHook] insert before method com.sun.xml.internal.stream.XMLInputFactoryImpl.createXMLEventReader(java.io.Reader)
2025-11-07 07:21:45,709 INFO  [main][com.baidu.openrasp.hook.AbstractClassHook] insert before method com.sun.xml.internal.stream.XMLInputFactoryImpl.createXMLEventReader(javax.xml.transform.Source)
2025-11-07 07:21:45,718 INFO  [main][com.baidu.openrasp.hook.AbstractClassHook] insert before method com.sun.xml.internal.stream.XMLInputFactoryImpl.createXMLEventReader(java.lang.String,java.io.InputStream)
2025-11-07 07:21:45,726 INFO  [main][com.baidu.openrasp.hook.AbstractClassHook] insert before method com.sun.xml.internal.stream.XMLInputFactoryImpl.createXMLEventReader(java.io.InputStream,java.lang.String)
2025-11-07 07:21:45,733 INFO  [main][com.baidu.openrasp.hook.AbstractClassHook] insert before method com.sun.xml.internal.stream.XMLInputFactoryImpl.createXMLEventReader(java.lang.String,java.io.Reader)
2025-11-07 07:21:45,740 INFO  [main][com.baidu.openrasp.hook.AbstractClassHook] insert before method com.sun.xml.internal.stream.XMLInputFactoryImpl.createXMLEventReader(javax.xml.stream.XMLStreamReader)
2025-11-07 07:24:54,463 INFO  [http-nio-9988-exec-1][com.baidu.openrasp.hook.AbstractClassHook] insert after method: org.apache.catalina.connector.Request.parseParameters()
2025-11-07 07:24:54,541 INFO  [http-nio-9988-exec-1][com.baidu.openrasp.hook.AbstractClassHook] insert after method: org.apache.catalina.connector.CoyoteReader.read()
2025-11-07 07:24:54,547 INFO  [http-nio-9988-exec-1][com.baidu.openrasp.hook.AbstractClassHook] insert after method: org.apache.catalina.connector.CoyoteReader.read(char[])
2025-11-07 07:24:54,554 INFO  [http-nio-9988-exec-1][com.baidu.openrasp.hook.AbstractClassHook] insert after method: org.apache.catalina.connector.CoyoteReader.read(char[],int,int)
2025-11-07 07:24:54,608 INFO  [http-nio-9988-exec-1][com.baidu.openrasp.hook.AbstractClassHook] insert after method: org.apache.catalina.connector.InputBuffer.readByte()
2025-11-07 07:24:54,616 INFO  [http-nio-9988-exec-1][com.baidu.openrasp.hook.AbstractClassHook] insert after method: org.apache.catalina.connector.InputBuffer.read(byte[],int,int)
2025-11-07 07:24:54,758 INFO  [http-nio-9988-exec-1][com.baidu.openrasp.hook.AbstractClassHook] insert after method: org.apache.catalina.core.ApplicationFilterChain.doFilter(jakarta.servlet.ServletRequest,jakarta.servlet.ServletResponse)
2025-11-07 07:24:54,795 INFO  [http-nio-9988-exec-1][com.baidu.openrasp.hook.AbstractClassHook] insert before method org.apache.catalina.core.ApplicationFilterChain.doFilter(jakarta.servlet.ServletRequest,jakarta.servlet.ServletResponse)
2025-11-07 07:36:17,178 INFO  [OpenRASP Heartbeat Thread][com.baidu.openrasp.config.Config] plugin.maxstack: 100
2025-11-07 07:36:17,178 INFO  [OpenRASP Heartbeat Thread][com.baidu.openrasp.config.Config] block.redirect_url: https://rasp.baidu.com/blocked/?request_id=%request_id%
2025-11-07 07:36:17,182 INFO  [OpenRASP Heartbeat Thread][com.baidu.openrasp.config.Config] dependency_check.interval: 43200
2025-11-07 07:36:17,186 INFO  [OpenRASP Heartbeat Thread][com.baidu.openrasp.config.Config] hook.white: {}
2025-11-07 07:36:17,186 INFO  [OpenRASP Heartbeat Thread][com.baidu.openrasp.config.Config] plugin.filter: true
2025-11-07 07:36:17,187 INFO  [OpenRASP Heartbeat Thread][com.baidu.openrasp.config.Config] debug.level: 0
2025-11-07 07:36:17,187 INFO  [OpenRASP Heartbeat Thread][com.baidu.openrasp.config.Config] block.content_json: {"error":true,"reason": "Request blocked by OpenRASP","request_id": "%request_id%"}
2025-11-07 07:36:17,187 INFO  [OpenRASP Heartbeat Thread][com.baidu.openrasp.config.Config] decompile.enable: false
2025-11-07 07:36:17,188 INFO  [OpenRASP Heartbeat Thread][com.baidu.openrasp.config.Config] response.sampler_burst: 5
2025-11-07 07:36:17,188 INFO  [OpenRASP Heartbeat Thread][com.baidu.openrasp.config.Config] syslog.facility: 1
2025-11-07 07:36:17,190 INFO  [OpenRASP Heartbeat Thread][com.baidu.openrasp.config.Config] syslog.tag: OpenRASP
2025-11-07 07:36:17,190 INFO  [OpenRASP Heartbeat Thread][com.baidu.openrasp.config.Config] block.content_xml: <?xml version="1.0"?><doc><error>true</error><reason>Request blocked by OpenRASP</reason><request_id>%request_id%</request_id></doc>
2025-11-07 07:36:17,195 INFO  [OpenRASP Heartbeat Thread][com.baidu.openrasp.config.Config] lru.compare_enable: false
2025-11-07 07:36:17,197 INFO  [OpenRASP Heartbeat Thread][com.baidu.openrasp.config.Config] security.weak_passwords: [111111, 123, 123123, 123456, 123456a, a123456, admin, both, manager, mysql, root, rootweblogic, tomcat, user, weblogic1, weblogic123, welcome1]
2025-11-07 07:36:17,199 INFO  [OpenRASP Heartbeat Thread][com.baidu.openrasp.config.Config] syslog.url: 
2025-11-07 07:36:17,199 INFO  [OpenRASP Heartbeat Thread][com.baidu.openrasp.config.Config] body.maxbytes: 12288
2025-11-07 07:36:17,200 INFO  [OpenRASP Heartbeat Thread][com.baidu.openrasp.config.Config] cpu.usage.enable: false
2025-11-07 07:36:17,200 INFO  [OpenRASP Heartbeat Thread][com.baidu.openrasp.config.Config] ognl.expression.minlength: 30
2025-11-07 07:36:17,200 INFO  [OpenRASP Heartbeat Thread][com.baidu.openrasp.config.Config] log.maxburst: 100
2025-11-07 07:36:17,200 INFO  [OpenRASP Heartbeat Thread][com.baidu.openrasp.config.Config] log.maxbackup: 30
2025-11-07 07:36:17,201 INFO  [OpenRASP Heartbeat Thread][com.baidu.openrasp.config.Config] block.content_html: </script><script>location.href="https://rasp.baidu.com/blocked2/?request_id=%request_id%"</script>
2025-11-07 07:36:17,201 WARN  [OpenRASP Heartbeat Thread][com.baidu.openrasp.messaging.LogTool] [E20004] Unknown config key [fileleak_scan.interval] found in cloud configuration: 
2025-11-07 07:36:17,208 INFO  [OpenRASP Heartbeat Thread][com.baidu.openrasp.config.Config] cpu.usage.interval: 5
2025-11-07 07:36:17,210 INFO  [OpenRASP Heartbeat Thread][com.baidu.openrasp.config.Config] lru.compare_limit: 10240
2025-11-07 07:36:17,212 INFO  [OpenRASP Heartbeat Thread][com.baidu.openrasp.config.Config] lru.max_size: 1000
2025-11-07 07:36:17,213 INFO  [OpenRASP Heartbeat Thread][com.baidu.openrasp.config.Config] inject.custom_headers: {X-Protected-By=OpenRASP}
2025-11-07 07:36:17,214 INFO  [OpenRASP Heartbeat Thread][com.baidu.openrasp.config.Config] plugin.timeout.millis: 100
2025-11-07 07:36:17,214 WARN  [OpenRASP Heartbeat Thread][com.baidu.openrasp.messaging.LogTool] [E20004] Unknown config key [fileleak_scan.name] found in cloud configuration: 
2025-11-07 07:36:17,237 WARN  [OpenRASP Heartbeat Thread][com.baidu.openrasp.messaging.LogTool] [E20004] Unknown config key [log.maxstack] found in cloud configuration: 
2025-11-07 07:36:17,254 WARN  [OpenRASP Heartbeat Thread][com.baidu.openrasp.messaging.LogTool] [E20004] Unknown config key [fileleak_scan.limit] found in cloud configuration: 
2025-11-07 07:36:17,282 WARN  [OpenRASP Heartbeat Thread][com.baidu.openrasp.messaging.LogTool] [E20004] Unknown config key [offline_hosts.cleanup.interval] found in cloud configuration: 
2025-11-07 07:36:17,300 INFO  [OpenRASP Heartbeat Thread][com.baidu.openrasp.config.Config] request.param_encoding: 
2025-11-07 07:36:17,308 INFO  [OpenRASP Heartbeat Thread][com.baidu.openrasp.config.Config] cpu.usage.percent: 90
2025-11-07 07:36:17,308 INFO  [OpenRASP Heartbeat Thread][com.baidu.openrasp.config.Config] block.status_code: 302
2025-11-07 07:36:17,314 INFO  [OpenRASP Heartbeat Thread][com.baidu.openrasp.config.Config] clientip.header: ClientIP
2025-11-07 07:36:17,314 INFO  [OpenRASP Heartbeat Thread][com.baidu.openrasp.config.Config] response.sampler_interval: 60
2025-11-07 07:36:17,314 INFO  [OpenRASP Heartbeat Thread][com.baidu.openrasp.config.Config] syslog.enable: false
2025-11-07 07:36:17,394 INFO  [OpenRASP Heartbeat Thread][com.baidu.openrasp.config.Config] sql error codes: {}
2025-11-07 07:36:17,394 INFO  [OpenRASP Heartbeat Thread][com.baidu.openrasp.config.Config] sql error states: {}
2025-11-07 07:36:17,394 WARN  [OpenRASP Heartbeat Thread][com.baidu.openrasp.config.Config] failed to get the log_regex.regex element from algorithm config
2025-11-07 07:36:17,398 INFO  [OpenRASP Heartbeat Thread][com.baidu.openrasp.config.Config] log_regex.regex: {}
2025-11-07 07:36:17,400 INFO  [OpenRASP Heartbeat Thread][com.baidu.openrasp.config.Config] algorithm.config: {}
2025-11-07 07:37:47,514 INFO  [OpenRASP Heartbeat Thread][com.baidu.openrasp.config.Config] plugin.maxstack: 100
2025-11-07 07:37:47,515 INFO  [OpenRASP Heartbeat Thread][com.baidu.openrasp.config.Config] block.redirect_url: https://rasp.baidu.com/blocked/?request_id=%request_id%
2025-11-07 07:37:47,515 INFO  [OpenRASP Heartbeat Thread][com.baidu.openrasp.config.Config] dependency_check.interval: 43200
2025-11-07 07:37:47,518 INFO  [OpenRASP Heartbeat Thread][com.baidu.openrasp.config.Config] hook.white: {}
2025-11-07 07:37:47,519 INFO  [OpenRASP Heartbeat Thread][com.baidu.openrasp.config.Config] plugin.filter: false
2025-11-07 07:37:47,519 INFO  [OpenRASP Heartbeat Thread][com.baidu.openrasp.config.Config] debug.level: 0
2025-11-07 07:37:47,519 INFO  [OpenRASP Heartbeat Thread][com.baidu.openrasp.config.Config] block.content_json: {"error":true,"reason": "Request blocked by OpenRASP","request_id": "%request_id%"}
2025-11-07 07:37:47,519 INFO  [OpenRASP Heartbeat Thread][com.baidu.openrasp.config.Config] decompile.enable: false
2025-11-07 07:37:47,519 INFO  [OpenRASP Heartbeat Thread][com.baidu.openrasp.config.Config] response.sampler_burst: 5
2025-11-07 07:37:47,520 INFO  [OpenRASP Heartbeat Thread][com.baidu.openrasp.config.Config] syslog.facility: 1
2025-11-07 07:37:47,520 INFO  [OpenRASP Heartbeat Thread][com.baidu.openrasp.config.Config] syslog.tag: OpenRASP
2025-11-07 07:37:47,520 INFO  [OpenRASP Heartbeat Thread][com.baidu.openrasp.config.Config] block.content_xml: <?xml version="1.0"?><doc><error>true</error><reason>Request blocked by OpenRASP</reason><request_id>%request_id%</request_id></doc>
2025-11-07 07:37:47,520 INFO  [OpenRASP Heartbeat Thread][com.baidu.openrasp.config.Config] lru.compare_enable: false
2025-11-07 07:37:47,524 INFO  [OpenRASP Heartbeat Thread][com.baidu.openrasp.config.Config] security.weak_passwords: [111111, 123, 123123, 123456, 123456a, a123456, admin, both, manager, mysql, root, rootweblogic, tomcat, user, weblogic1, weblogic123, welcome1, ]
2025-11-07 07:37:47,526 INFO  [OpenRASP Heartbeat Thread][com.baidu.openrasp.config.Config] syslog.url: 
2025-11-07 07:37:47,527 INFO  [OpenRASP Heartbeat Thread][com.baidu.openrasp.config.Config] body.maxbytes: 12288
2025-11-07 07:37:47,527 INFO  [OpenRASP Heartbeat Thread][com.baidu.openrasp.config.Config] cpu.usage.enable: false
2025-11-07 07:37:47,528 INFO  [OpenRASP Heartbeat Thread][com.baidu.openrasp.config.Config] ognl.expression.minlength: 30
2025-11-07 07:37:47,528 INFO  [OpenRASP Heartbeat Thread][com.baidu.openrasp.config.Config] log.maxburst: 100
2025-11-07 07:37:47,528 INFO  [OpenRASP Heartbeat Thread][com.baidu.openrasp.config.Config] log.maxbackup: 30
2025-11-07 07:37:47,531 INFO  [OpenRASP Heartbeat Thread][com.baidu.openrasp.config.Config] block.content_html: </script><script>location.href="https://rasp.baidu.com/blocked2/?request_id=%request_id%"</script>
2025-11-07 07:37:47,532 WARN  [OpenRASP Heartbeat Thread][com.baidu.openrasp.messaging.LogTool] [E20004] Unknown config key [fileleak_scan.interval] found in cloud configuration: 
2025-11-07 07:37:47,549 INFO  [OpenRASP Heartbeat Thread][com.baidu.openrasp.config.Config] cpu.usage.interval: 5
2025-11-07 07:37:47,551 INFO  [OpenRASP Heartbeat Thread][com.baidu.openrasp.config.Config] lru.compare_limit: 10240
2025-11-07 07:37:47,551 INFO  [OpenRASP Heartbeat Thread][com.baidu.openrasp.config.Config] lru.max_size: 0
2025-11-07 07:37:47,555 INFO  [OpenRASP Heartbeat Thread][com.baidu.openrasp.config.Config] inject.custom_headers: {X-Protected-By=OpenRASP}
2025-11-07 07:37:47,563 INFO  [OpenRASP Heartbeat Thread][com.baidu.openrasp.config.Config] plugin.timeout.millis: 5000
2025-11-07 07:37:47,566 WARN  [OpenRASP Heartbeat Thread][com.baidu.openrasp.messaging.LogTool] [E20004] Unknown config key [fileleak_scan.name] found in cloud configuration: 
2025-11-07 07:37:47,593 WARN  [OpenRASP Heartbeat Thread][com.baidu.openrasp.messaging.LogTool] [E20004] Unknown config key [log.maxstack] found in cloud configuration: 
2025-11-07 07:37:47,616 WARN  [OpenRASP Heartbeat Thread][com.baidu.openrasp.messaging.LogTool] [E20004] Unknown config key [fileleak_scan.limit] found in cloud configuration: 
2025-11-07 07:37:47,631 WARN  [OpenRASP Heartbeat Thread][com.baidu.openrasp.messaging.LogTool] [E20004] Unknown config key [offline_hosts.cleanup.interval] found in cloud configuration: 
2025-11-07 07:37:47,647 INFO  [OpenRASP Heartbeat Thread][com.baidu.openrasp.config.Config] request.param_encoding: 
2025-11-07 07:37:47,657 INFO  [OpenRASP Heartbeat Thread][com.baidu.openrasp.config.Config] cpu.usage.percent: 90
2025-11-07 07:37:47,657 INFO  [OpenRASP Heartbeat Thread][com.baidu.openrasp.config.Config] block.status_code: 302
2025-11-07 07:37:47,659 INFO  [OpenRASP Heartbeat Thread][com.baidu.openrasp.config.Config] clientip.header: ClientIP
2025-11-07 07:37:47,659 INFO  [OpenRASP Heartbeat Thread][com.baidu.openrasp.config.Config] response.sampler_interval: 60
2025-11-07 07:37:47,659 INFO  [OpenRASP Heartbeat Thread][com.baidu.openrasp.config.Config] syslog.enable: false
2025-11-07 07:37:47,766 INFO  [OpenRASP Heartbeat Thread][com.baidu.openrasp.config.Config] sql error codes: {}
2025-11-07 07:37:47,769 INFO  [OpenRASP Heartbeat Thread][com.baidu.openrasp.config.Config] sql error states: {}
2025-11-07 07:37:47,769 WARN  [OpenRASP Heartbeat Thread][com.baidu.openrasp.config.Config] failed to get the log_regex.regex element from algorithm config
2025-11-07 07:37:47,770 INFO  [OpenRASP Heartbeat Thread][com.baidu.openrasp.config.Config] log_regex.regex: {}
2025-11-07 07:37:47,771 INFO  [OpenRASP Heartbeat Thread][com.baidu.openrasp.config.Config] algorithm.config: {}
2025-11-07 07:39:17,876 INFO  [OpenRASP Heartbeat Thread][com.baidu.openrasp.config.Config] plugin.maxstack: 100
2025-11-07 07:39:17,878 INFO  [OpenRASP Heartbeat Thread][com.baidu.openrasp.config.Config] block.redirect_url: https://rasp.baidu.com/blocked/?request_id=%request_id%
2025-11-07 07:39:17,879 INFO  [OpenRASP Heartbeat Thread][com.baidu.openrasp.config.Config] dependency_check.interval: 43200
2025-11-07 07:39:17,881 INFO  [OpenRASP Heartbeat Thread][com.baidu.openrasp.config.Config] hook.white: {}
2025-11-07 07:39:17,882 INFO  [OpenRASP Heartbeat Thread][com.baidu.openrasp.config.Config] plugin.filter: false
2025-11-07 07:39:17,884 INFO  [OpenRASP Heartbeat Thread][com.baidu.openrasp.config.Config] debug.level: 0
2025-11-07 07:39:17,885 INFO  [OpenRASP Heartbeat Thread][com.baidu.openrasp.config.Config] block.content_json: {"error":true,"reason": "Request blocked by OpenRASP","request_id": "%request_id%"}
2025-11-07 07:39:17,885 INFO  [OpenRASP Heartbeat Thread][com.baidu.openrasp.config.Config] decompile.enable: false
2025-11-07 07:39:17,885 INFO  [OpenRASP Heartbeat Thread][com.baidu.openrasp.config.Config] response.sampler_burst: 5
2025-11-07 07:39:17,885 INFO  [OpenRASP Heartbeat Thread][com.baidu.openrasp.config.Config] syslog.facility: 1
2025-11-07 07:39:17,886 INFO  [OpenRASP Heartbeat Thread][com.baidu.openrasp.config.Config] syslog.tag: OpenRASP
2025-11-07 07:39:17,886 INFO  [OpenRASP Heartbeat Thread][com.baidu.openrasp.config.Config] block.content_xml: <?xml version="1.0"?><doc><error>true</error><reason>Request blocked by OpenRASP</reason><request_id>%request_id%</request_id></doc>
2025-11-07 07:39:17,886 INFO  [OpenRASP Heartbeat Thread][com.baidu.openrasp.config.Config] lru.compare_enable: false
2025-11-07 07:39:17,888 INFO  [OpenRASP Heartbeat Thread][com.baidu.openrasp.config.Config] security.weak_passwords: [111111, 123, 123123, 123456, 123456a, a123456, admin, both, manager, mysql, root, rootweblogic, tomcat, user, weblogic1, weblogic123, welcome1, ]
2025-11-07 07:39:17,890 INFO  [OpenRASP Heartbeat Thread][com.baidu.openrasp.config.Config] syslog.url: 
2025-11-07 07:39:17,892 INFO  [OpenRASP Heartbeat Thread][com.baidu.openrasp.config.Config] body.maxbytes: 12288
2025-11-07 07:39:17,893 INFO  [OpenRASP Heartbeat Thread][com.baidu.openrasp.config.Config] cpu.usage.enable: false
2025-11-07 07:39:17,894 INFO  [OpenRASP Heartbeat Thread][com.baidu.openrasp.config.Config] ognl.expression.minlength: 30
2025-11-07 07:39:17,894 INFO  [OpenRASP Heartbeat Thread][com.baidu.openrasp.config.Config] log.maxburst: 100
2025-11-07 07:39:17,895 INFO  [OpenRASP Heartbeat Thread][com.baidu.openrasp.config.Config] log.maxbackup: 30
2025-11-07 07:39:17,896 INFO  [OpenRASP Heartbeat Thread][com.baidu.openrasp.config.Config] block.content_html: </script><script>location.href="https://rasp.baidu.com/blocked2/?request_id=%request_id%"</script>
2025-11-07 07:39:17,896 WARN  [OpenRASP Heartbeat Thread][com.baidu.openrasp.messaging.LogTool] [E20004] Unknown config key [fileleak_scan.interval] found in cloud configuration: 
2025-11-07 07:39:17,909 INFO  [OpenRASP Heartbeat Thread][com.baidu.openrasp.config.Config] cpu.usage.interval: 5
2025-11-07 07:39:17,911 INFO  [OpenRASP Heartbeat Thread][com.baidu.openrasp.config.Config] lru.compare_limit: 10240
2025-11-07 07:39:17,915 INFO  [OpenRASP Heartbeat Thread][com.baidu.openrasp.config.Config] lru.max_size: 0
2025-11-07 07:39:17,915 INFO  [OpenRASP Heartbeat Thread][com.baidu.openrasp.config.Config] inject.custom_headers: {X-Protected-By=OpenRASP}
2025-11-07 07:39:17,916 INFO  [OpenRASP Heartbeat Thread][com.baidu.openrasp.config.Config] plugin.timeout.millis: 5000
2025-11-07 07:39:17,916 WARN  [OpenRASP Heartbeat Thread][com.baidu.openrasp.messaging.LogTool] [E20004] Unknown config key [fileleak_scan.name] found in cloud configuration: 
2025-11-07 07:39:17,923 WARN  [OpenRASP Heartbeat Thread][com.baidu.openrasp.messaging.LogTool] [E20004] Unknown config key [log.maxstack] found in cloud configuration: 
2025-11-07 07:39:17,933 WARN  [OpenRASP Heartbeat Thread][com.baidu.openrasp.messaging.LogTool] [E20004] Unknown config key [fileleak_scan.limit] found in cloud configuration: 
2025-11-07 07:39:17,942 WARN  [OpenRASP Heartbeat Thread][com.baidu.openrasp.messaging.LogTool] [E20004] Unknown config key [offline_hosts.cleanup.interval] found in cloud configuration: 
2025-11-07 07:39:17,952 INFO  [OpenRASP Heartbeat Thread][com.baidu.openrasp.config.Config] request.param_encoding: 
2025-11-07 07:39:17,952 INFO  [OpenRASP Heartbeat Thread][com.baidu.openrasp.config.Config] cpu.usage.percent: 90
2025-11-07 07:39:17,952 INFO  [OpenRASP Heartbeat Thread][com.baidu.openrasp.config.Config] block.status_code: 302
2025-11-07 07:39:17,952 INFO  [OpenRASP Heartbeat Thread][com.baidu.openrasp.config.Config] clientip.header: ClientIP
2025-11-07 07:39:17,952 INFO  [OpenRASP Heartbeat Thread][com.baidu.openrasp.config.Config] response.sampler_interval: 60
2025-11-07 07:39:17,952 INFO  [OpenRASP Heartbeat Thread][com.baidu.openrasp.config.Config] syslog.enable: false
2025-11-07 07:39:18,097 INFO  [OpenRASP Heartbeat Thread][com.baidu.openrasp.config.Config] sql error codes: {}
2025-11-07 07:39:18,099 INFO  [OpenRASP Heartbeat Thread][com.baidu.openrasp.config.Config] sql error states: {}
2025-11-07 07:39:18,101 WARN  [OpenRASP Heartbeat Thread][com.baidu.openrasp.config.Config] failed to get the log_regex.regex element from algorithm config
2025-11-07 07:39:18,101 INFO  [OpenRASP Heartbeat Thread][com.baidu.openrasp.config.Config] log_regex.regex: {}
2025-11-07 07:39:18,103 INFO  [OpenRASP Heartbeat Thread][com.baidu.openrasp.config.Config] algorithm.config: {}
2025-11-07 07:40:48,192 INFO  [OpenRASP Heartbeat Thread][com.baidu.openrasp.config.Config] plugin.maxstack: 100
2025-11-07 07:40:48,192 INFO  [OpenRASP Heartbeat Thread][com.baidu.openrasp.config.Config] block.redirect_url: https://rasp.baidu.com/blocked/?request_id=%request_id%
2025-11-07 07:40:48,194 INFO  [OpenRASP Heartbeat Thread][com.baidu.openrasp.config.Config] dependency_check.interval: 43200
2025-11-07 07:40:48,196 INFO  [OpenRASP Heartbeat Thread][com.baidu.openrasp.config.Config] hook.white: {}
2025-11-07 07:40:48,197 INFO  [OpenRASP Heartbeat Thread][com.baidu.openrasp.config.Config] plugin.filter: false
2025-11-07 07:40:48,199 INFO  [OpenRASP Heartbeat Thread][com.baidu.openrasp.config.Config] debug.level: 0
2025-11-07 07:40:48,199 INFO  [OpenRASP Heartbeat Thread][com.baidu.openrasp.config.Config] block.content_json: {"error":true,"reason": "Request blocked by OpenRASP","request_id": "%request_id%"}
2025-11-07 07:40:48,200 INFO  [OpenRASP Heartbeat Thread][com.baidu.openrasp.config.Config] decompile.enable: false
2025-11-07 07:40:48,200 INFO  [OpenRASP Heartbeat Thread][com.baidu.openrasp.config.Config] response.sampler_burst: 5
2025-11-07 07:40:48,201 INFO  [OpenRASP Heartbeat Thread][com.baidu.openrasp.config.Config] syslog.facility: 1
2025-11-07 07:40:48,201 INFO  [OpenRASP Heartbeat Thread][com.baidu.openrasp.config.Config] syslog.tag: OpenRASP
2025-11-07 07:40:48,201 INFO  [OpenRASP Heartbeat Thread][com.baidu.openrasp.config.Config] block.content_xml: <?xml version="1.0"?><doc><error>true</error><reason>Request blocked by OpenRASP</reason><request_id>%request_id%</request_id></doc>
2025-11-07 07:40:48,201 INFO  [OpenRASP Heartbeat Thread][com.baidu.openrasp.config.Config] lru.compare_enable: false
2025-11-07 07:40:48,207 INFO  [OpenRASP Heartbeat Thread][com.baidu.openrasp.config.Config] security.weak_passwords: [111111, 123, 123123, 123456, 123456a, a123456, admin, both, manager, mysql, root, rootweblogic, tomcat, user, weblogic1, weblogic123, welcome1, ]
2025-11-07 07:40:48,208 INFO  [OpenRASP Heartbeat Thread][com.baidu.openrasp.config.Config] syslog.url: 
2025-11-07 07:40:48,209 INFO  [OpenRASP Heartbeat Thread][com.baidu.openrasp.config.Config] body.maxbytes: 12288
2025-11-07 07:40:48,209 INFO  [OpenRASP Heartbeat Thread][com.baidu.openrasp.config.Config] cpu.usage.enable: false
2025-11-07 07:40:48,210 INFO  [OpenRASP Heartbeat Thread][com.baidu.openrasp.config.Config] ognl.expression.minlength: 30
2025-11-07 07:40:48,210 INFO  [OpenRASP Heartbeat Thread][com.baidu.openrasp.config.Config] log.maxburst: 100
2025-11-07 07:40:48,211 INFO  [OpenRASP Heartbeat Thread][com.baidu.openrasp.config.Config] log.maxbackup: 30
2025-11-07 07:40:48,211 INFO  [OpenRASP Heartbeat Thread][com.baidu.openrasp.config.Config] block.content_html: </script><script>location.href="https://rasp.baidu.com/blocked2/?request_id=%request_id%"</script>
2025-11-07 07:40:48,211 WARN  [OpenRASP Heartbeat Thread][com.baidu.openrasp.messaging.LogTool] [E20004] Unknown config key [fileleak_scan.interval] found in cloud configuration: 
2025-11-07 07:40:48,225 INFO  [OpenRASP Heartbeat Thread][com.baidu.openrasp.config.Config] cpu.usage.interval: 5
2025-11-07 07:40:48,229 INFO  [OpenRASP Heartbeat Thread][com.baidu.openrasp.config.Config] lru.compare_limit: 10240
2025-11-07 07:40:48,230 INFO  [OpenRASP Heartbeat Thread][com.baidu.openrasp.config.Config] lru.max_size: 0
2025-11-07 07:40:48,232 INFO  [OpenRASP Heartbeat Thread][com.baidu.openrasp.config.Config] inject.custom_headers: {X-Protected-By=OpenRASP}
2025-11-07 07:40:48,234 INFO  [OpenRASP Heartbeat Thread][com.baidu.openrasp.config.Config] plugin.timeout.millis: 5000
2025-11-07 07:40:48,237 WARN  [OpenRASP Heartbeat Thread][com.baidu.openrasp.messaging.LogTool] [E20004] Unknown config key [fileleak_scan.name] found in cloud configuration: 
2025-11-07 07:40:48,249 WARN  [OpenRASP Heartbeat Thread][com.baidu.openrasp.messaging.LogTool] [E20004] Unknown config key [log.maxstack] found in cloud configuration: 
2025-11-07 07:40:48,262 WARN  [OpenRASP Heartbeat Thread][com.baidu.openrasp.messaging.LogTool] [E20004] Unknown config key [fileleak_scan.limit] found in cloud configuration: 
2025-11-07 07:40:48,320 WARN  [OpenRASP Heartbeat Thread][com.baidu.openrasp.messaging.LogTool] [E20004] Unknown config key [offline_hosts.cleanup.interval] found in cloud configuration: 
2025-11-07 07:40:48,334 INFO  [OpenRASP Heartbeat Thread][com.baidu.openrasp.config.Config] request.param_encoding: 
2025-11-07 07:40:48,341 INFO  [OpenRASP Heartbeat Thread][com.baidu.openrasp.config.Config] cpu.usage.percent: 90
2025-11-07 07:40:48,351 INFO  [OpenRASP Heartbeat Thread][com.baidu.openrasp.config.Config] block.status_code: 302
2025-11-07 07:40:48,355 INFO  [OpenRASP Heartbeat Thread][com.baidu.openrasp.config.Config] clientip.header: ClientIP
2025-11-07 07:40:48,357 INFO  [OpenRASP Heartbeat Thread][com.baidu.openrasp.config.Config] response.sampler_interval: 60
2025-11-07 07:40:48,357 INFO  [OpenRASP Heartbeat Thread][com.baidu.openrasp.config.Config] syslog.enable: false
2025-11-07 07:40:48,433 INFO  [OpenRASP Heartbeat Thread][com.baidu.openrasp.config.Config] sql error codes: {}
2025-11-07 07:40:48,434 INFO  [OpenRASP Heartbeat Thread][com.baidu.openrasp.config.Config] sql error states: {}
2025-11-07 07:40:48,434 WARN  [OpenRASP Heartbeat Thread][com.baidu.openrasp.config.Config] failed to get the log_regex.regex element from algorithm config
2025-11-07 07:40:48,434 INFO  [OpenRASP Heartbeat Thread][com.baidu.openrasp.config.Config] log_regex.regex: {}
2025-11-07 07:40:48,434 INFO  [OpenRASP Heartbeat Thread][com.baidu.openrasp.config.Config] algorithm.config: {}
